id,title,authors,year,journal,doi,url,pdf_url,citation_abnt,bibtex_key,bibtex_entry,abstract,keywords,citation_count,source,validated,relevance_tag,notes,added_at
P0001,Approximate Dynamic Programming,Warren B. Powell,2011,Wiley series in probability and statistics,10.1002/9781118029176,https://doi.org/10.1002/9781118029176,,"POWELL, Warren B.. Approximate Dynamic Programming. Wiley series in probability and statistics, 2011.",Powell2011,"@article{Powell2011,   title = {{Approximate Dynamic Programming}},   author = {Warren B. Powell},   year = {2011},   journal = {Wiley series in probability and statistics},   doi = {10.1002/9781118029176},   abstract = {Preface. Acknowledgments. 1. The challenges of dynamic programming. 1.1 A dynamic programming example: a shortest path problem. 1.2 The three curses of dimensionality. 1.3 Some real applications. 1.4 Problem classes. 1.5 The many dialects of dynamic programming. 1.6 What is new in this book? 1.7 Bibliographic notes. 2. Some illustrative models. 2.1 Deterministic problems. 2.2 Stochastic problems. }, } ","Preface. Acknowledgments. 1. The challenges of dynamic programming. 1.1 A dynamic programming example: a shortest path problem. 1.2 The three curses of dimensionality. 1.3 Some real applications. 1.4 Problem classes. 1.5 The many dialects of dynamic programming. 1.6 What is new in this book? 1.7 Bibliographic notes. 2. Some illustrative models. 2.1 Deterministic problems. 2.2 Stochastic problems. 2.3 Information acquisition problems. 2.4 A simple modeling framework for dynamic programs. 2.5 Bibliographic notes. Problems. 3. Introduction to Markov decision processes. 3.1 The optimality equations. 3.2 Finite horizon problems. 3.3 Infinite horizon problems. 3.4 Value iteration. 3.5 Policy iteration. 3.6 Hybrid valuepolicy iteration. 3.7 The linear programming method for dynamic programs. 3.8 Monotone policies. 3.9 Why does it work? 3.10 Bibliographic notes. Problems 4. Introduction to approximate dynamic programming. 4.1 The three curses of dimensionality (revisited). 4.2 The basic idea. 4.3 Sampling random variables . 4.4 ADP using the postdecision state variable. 4.5 Lowdimensional representations of value functions. 4.6 So just what is approximate dynamic programming? 4.7 Experimental issues. 4.8 Dynamic programming with missing or incomplete models. 4.9 Relationship to reinforcement learning. 4.10 But does it work? 4.11 Bibliographic notes. Problems. 5. Modeling dynamic programs. 5.1 Notational style. 5.2 Modeling time. 5.3 Modeling resources. 5.4 The states of our system. 5.5 Modeling decisions. 5.6 The exogenous information process. 5.7 The transition function. 5.8 The contribution function. 5.9 The objective function. 5.10 A measuretheoretic view of information. 5.11 Bibliographic notes. Problems. 6. Stochastic approximation methods. 6.1 A stochastic gradient algorithm. 6.2 Some stepsize recipes. 6.3 Stochastic stepsizes. 6.4 Computing bias and variance. 6.5 Optimal stepsizes. 6.6 Some experimental comparisons of stepsize formulas. 6.7 Convergence. 6.8 Why does it work? 6.9 Bibliographic notes. Problems. 7. Approximating value functions. 7.1 Approximation using aggregation. 7.2 Approximation methods using regression models. 7.3 Recursive methods for regression models. 7.4 Neural networks. 7.5 Batch processes. 7.6 Why does it work? 7.7 Bibliographic notes. Problems. 8. ADP for finite horizon problems. 8.1 Strategies for finite horizon problems. 8.2 Qlearning. 8.3 Temporal difference learning. 8.4 Policy iteration. 8.5 Monte Carlo value and policy iteration. 8.6 The actorcritic paradigm. 8.7 Bias in value function estimation. 8.8 State sampling strategies. 8.9 Starting and stopping. 8.10 A taxonomy of approximate dynamic programming strategies. 8.11 Why does it work? 8.12 Bibliographic notes. Problems. 9. Infinite horizon problems. 9.1 From finite to infinite horizon. 9.2 Algorithmic strategies. 9.3 Stepsizes for infinite horizon problems. 9.4 Error measures. 9.5 Direct ADP for online applications. 9.6 Finite horizon models for steady state applications. 9.7 Why does it work? 9.8 Bibliographic notes. Problems. 10. Exploration vs. exploitation. 10.1 A learning exercise: the nomadic trucker. 10.2 Learning strategies. 10.3 A simple information acquisition problem. 10.4 Gittins indices and the information acquisition problem. 10.5 Variations. 10.6 The knowledge gradient algorithm. 10.7 Information acquisition in dynamic programming. 10.8 Bibliographic notes. Problems. 11. Value function approximations for special functions. 11.1 Value functions versus gradients. 11.2 Linear approximations. 11.3 Piecewise linear approximations. 11.4 The SHAPE algorithm. 11.5 Regression methods. 11.6 Cutting planes. 11.7 Why does it work? 11.8 Bibliographic notes. Problems. 12. Dynamic resource allocation. 12.1 An asset acquisition problem. 12.2 The blood management problem. 12.3 A portfolio optimization problem. 12.4 A general resource allocation problem. 12.5 A fleet management problem. 12.6 A driver management problem. 12.7 Bibliographic references. Problems. 13. Implementation challenges. 13.1 Will ADP work for your problem? 13.2 Designing an ADP algorithm for complex problems. 13.3 Debugging an ADP algorithm. 13.4 Convergence issues. 13.5 Modeling your problem. 13.6 Online vs. offline models. 13.7 If it works, patent it!",offline_rl,2349,openalex,True,supporting,,2026-04-10T17:32:21.127577+00:00
P0002,Deep graph convolutional reinforcement learning for financial portfolio management – DeepPocket,Farzan Soleymani; Eric Paquet,2021,Expert Systems with Applications,10.1016/j.eswa.2021.115127,https://doi.org/10.1016/j.eswa.2021.115127,https://arxiv.org/pdf/2105.08664,"SOLEYMANI, Farzan et al.. Deep graph convolutional reinforcement learning for financial portfolio management – DeepPocket. Expert Systems with Applications, 2021.",Soleymani2021,"@article{Soleymani2021,   title = {{Deep graph convolutional reinforcement learning for financial portfolio management – DeepPocket}},   author = {Farzan Soleymani and Eric Paquet},   year = {2021},   journal = {Expert Systems with Applications},   doi = {10.1016/j.eswa.2021.115127}, } ",,offline_rl,71,openalex,True,supporting,,2026-04-10T17:32:21.127577+00:00
P0003,Transfer Learning in Deep Reinforcement Learning: A Survey,Zhuangdi Zhu; Kaixiang Lin; Anil K. Jain; Jiayu Zhou,2023,IEEE Transactions on Pattern Analysis and Machine Intelligence,10.1109/tpami.2023.3292075,https://doi.org/10.1109/tpami.2023.3292075,https://pmc.ncbi.nlm.nih.gov/articles/PMC11018366/pdf/nihms-1982062.pdf,"ZHU, Zhuangdi et al.. Transfer Learning in Deep Reinforcement Learning: A Survey. IEEE Transactions on Pattern Analysis and Machine Intelligence, 2023.",Zhu2023,"@article{Zhu2023,   title = {{Transfer Learning in Deep Reinforcement Learning: A Survey}},   author = {Zhuangdi Zhu and Kaixiang Lin and Anil K. Jain and Jiayu Zhou},   year = {2023},   journal = {IEEE Transactions on Pattern Analysis and Machine Intelligence},   doi = {10.1109/tpami.2023.3292075},   abstract = {Reinforcement learning is a learning paradigm for solving sequential decision-making problems. Recent years have witnessed remarkable progress in reinforcement learning upon the fast development of deep neural networks. Along with the promising prospects of reinforcement learning in numerous domains such as robotics and game-playing, transfer learning has arisen to tackle various challenges faced }, } ","Reinforcement learning is a learning paradigm for solving sequential decision-making problems. Recent years have witnessed remarkable progress in reinforcement learning upon the fast development of deep neural networks. Along with the promising prospects of reinforcement learning in numerous domains such as robotics and game-playing, transfer learning has arisen to tackle various challenges faced by reinforcement learning, by transferring knowledge from external expertise to facilitate the efficiency and effectiveness of the learning process. In this survey, we systematically investigate the recent progress of transfer learning approaches in the context of deep reinforcement learning. Specifically, we provide a framework for categorizing the state-of-the-art transfer learning approaches, under which we analyze their goals, methodologies, compatible reinforcement learning backbones, and practical applications. We also draw connections between transfer learning and other relevant topics from the reinforcement learning perspective and explore their potential challenges that await future research progress.",offline_rl,651,openalex,True,supporting,,2026-04-10T17:32:21.127577+00:00
P0004,Optimizing credit limit adjustments under adversarial goals using reinforcement learning,Sherly Alfonso-Sánchez; Jesús Solano; Alejandro Correa-Bahnsen; Kristina P. Sendova; Cristián Bravo,2024,European Journal of Operational Research,10.1016/j.ejor.2023.12.025,https://doi.org/10.1016/j.ejor.2023.12.025,,"ALFONSO-SÁNCHEZ, Sherly et al.. Optimizing credit limit adjustments under adversarial goals using reinforcement learning. European Journal of Operational Research, 2024.",AlfonsoSnchez2024,"@article{AlfonsoSnchez2024,   title = {{Optimizing credit limit adjustments under adversarial goals using reinforcement learning}},   author = {Sherly Alfonso-Sánchez and Jesús Solano and Alejandro Correa-Bahnsen and Kristina P. Sendova and Cristián Bravo},   year = {2024},   journal = {European Journal of Operational Research},   doi = {10.1016/j.ejor.2023.12.025}, } ",,offline_rl,10,openalex,True,supporting,,2026-04-10T17:32:21.127577+00:00
P0005,Your Offline Policy is Not Trustworthy: Bilevel Reinforcement Learning for Sequential Portfolio Optimization,Haochen Yuan; Minting Pan; Yunbo Wang; Siyu Gao; Philip S. Yu; Xiaokang Yang,2025,ArXiv.org,10.48550/arxiv.2505.12759,https://doi.org/10.48550/arxiv.2505.12759,https://arxiv.org/pdf/2505.12759,"YUAN, Haochen et al.. Your Offline Policy is Not Trustworthy: Bilevel Reinforcement Learning for Sequential Portfolio Optimization. ArXiv.org, 2025.",Yuan2025,"@article{Yuan2025,   title = {{Your Offline Policy is Not Trustworthy: Bilevel Reinforcement Learning for Sequential Portfolio Optimization}},   author = {Haochen Yuan and Minting Pan and Yunbo Wang and Siyu Gao and Philip S. Yu and Xiaokang Yang},   year = {2025},   journal = {ArXiv.org},   doi = {10.48550/arxiv.2505.12759},   abstract = {Reinforcement learning (RL) has shown significant promise for sequential portfolio optimization tasks, such as stock trading, where the objective is to maximize cumulative returns while minimizing risks using historical data. However, traditional RL approaches often produce policies that merely memorize the optimal yet impractical buying and selling behaviors within the fixed dataset. These offlin}, } ","Reinforcement learning (RL) has shown significant promise for sequential portfolio optimization tasks, such as stock trading, where the objective is to maximize cumulative returns while minimizing risks using historical data. However, traditional RL approaches often produce policies that merely memorize the optimal yet impractical buying and selling behaviors within the fixed dataset. These offline policies are less generalizable as they fail to account for the non-stationary nature of the market. Our approach, MetaTrader, frames portfolio optimization as a new type of partial-offline RL problem and makes two technical contributions. First, MetaTrader employs a bilevel learning framework that explicitly trains the RL agent to improve both in-domain profits on the original dataset and out-of-domain performance across diverse transformations of the raw financial data. Second, our approach incorporates a new temporal difference (TD) method that approximates worst-case TD estimates from a batch of transformed TD targets, addressing the value overestimation issue that is particularly challenging in scenarios with limited offline data. Our empirical results on two public stock datasets show that MetaTrader outperforms existing methods, including both RL-based approaches and traditional stock prediction models.",offline_rl,0,openalex,False,core,,2026-04-10T17:32:21.127577+00:00
P0006,SATzilla: Portfolio-based Algorithm Selection for SAT,Lizhong Xu; Frank Hutter; Holger H. Hoos; Kevin Leyton‐Brown,2008,Journal of Artificial Intelligence Research,10.1613/jair.2490,https://doi.org/10.1613/jair.2490,https://jair.org/index.php/jair/article/download/10556/25269,"XU, Lizhong et al.. SATzilla: Portfolio-based Algorithm Selection for SAT. Journal of Artificial Intelligence Research, 2008.",Xu2008,"@article{Xu2008,   title = {{SATzilla: Portfolio-based Algorithm Selection for SAT}},   author = {Lizhong Xu and Frank Hutter and Holger H. Hoos and Kevin Leyton‐Brown},   year = {2008},   journal = {Journal of Artificial Intelligence Research},   doi = {10.1613/jair.2490},   abstract = {It has been widely observed that there is no single ""dominant"" SAT solver; instead, different solvers perform best on different instances. Rather than following the traditional approach of choosing the best solver for a given class of instances, we advocate making this decision online on a per-instance basis. Building on previous work, we describe SATzilla, an automated approach for constructing p}, } ","It has been widely observed that there is no single ""dominant"" SAT solver; instead, different solvers perform best on different instances. Rather than following the traditional approach of choosing the best solver for a given class of instances, we advocate making this decision online on a per-instance basis. Building on previous work, we describe SATzilla, an automated approach for constructing per-instance algorithm portfolios for SAT that use so-called empirical hardness models to choose among their constituent solvers. This approach takes as input a distribution of problem instances and a set of component solvers, and constructs a portfolio optimizing a given objective function (such as mean runtime, percent of instances solved, or score in a competition). The excellent performance of SATzilla was independently verified in the 2007 SAT Competition, where our SATzilla07 solvers won three gold, one silver and one bronze medal. In this article, we go well beyond SATzilla07 by making the portfolio construction scalable and completely automated, and improving it by integrating local search solvers as candidate solvers, by predicting performance score instead of runtime, and by using hierarchical hardness models that take into account different types of SAT instances. We demonstrate the effectiveness of these new techniques in extensive experimental results on data sets including instances from the most recent SAT competition.",offline_rl,825,openalex,True,context,,2026-04-10T17:32:21.127577+00:00
P0007,Artificial intelligence and machine learning approaches to energy demand-side response: A systematic review,Ioannis Antonopoulos; Valentin Robu; Benoit Couraud; Desen Kırlı; Sonam Norbu; Aristides Kiprakis; David Flynn; Sergio Elizondo-Gonzalez; Steve Wattam,2020,Renewable and Sustainable Energy Reviews,10.1016/j.rser.2020.109899,https://doi.org/10.1016/j.rser.2020.109899,,"ANTONOPOULOS, Ioannis et al.. Artificial intelligence and machine learning approaches to energy demand-side response: A systematic review. Renewable and Sustainable Energy Reviews, 2020.",Antonopoulos2020,"@article{Antonopoulos2020,   title = {{Artificial intelligence and machine learning approaches to energy demand-side response: A systematic review}},   author = {Ioannis Antonopoulos and Valentin Robu and Benoit Couraud and Desen Kırlı and Sonam Norbu and Aristides Kiprakis and David Flynn and Sergio Elizondo-Gonzalez and Steve Wattam},   year = {2020},   journal = {Renewable and Sustainable Energy Reviews},   doi = {10.1016/j.rser.2020.109899},   abstract = {Recent years have seen an increasing interest in Demand Response (DR) as a means to provide flexibility, and hence improve the reliability of energy systems in a cost-effective way. Yet, the high complexity of the tasks associated with DR, combined with their use of large-scale data and the frequent need for near real-time decisions, means that Artificial Intelligence (AI) and Machine Learning (ML}, } ","Recent years have seen an increasing interest in Demand Response (DR) as a means to provide flexibility, and hence improve the reliability of energy systems in a cost-effective way. Yet, the high complexity of the tasks associated with DR, combined with their use of large-scale data and the frequent need for near real-time decisions, means that Artificial Intelligence (AI) and Machine Learning (ML) — a branch of AI — have recently emerged as key technologies for enabling demand-side response. AI methods can be used to tackle various challenges, ranging from selecting the optimal set of consumers to respond, learning their attributes and preferences, dynamic pricing, scheduling and control of devices, learning how to incentivise participants in the DR schemes and how to reward them in a fair and economically efficient way. This work provides an overview of AI methods utilised for DR applications, based on a systematic review of over 160 papers, 40 companies and commercial initiatives, and 21 large-scale projects. The papers are classified with regards to both the AI/ML algorithm(s) used and the application area in energy DR. Next, commercial initiatives are presented (including both start-ups and established companies) and large-scale innovation projects, where AI methods have been used for energy DR. The paper concludes with a discussion of advantages and potential limitations of reviewed AI techniques for different DR tasks, and outlines directions for future research in this fast-growing area.",offline_rl,598,openalex,True,context,,2026-04-10T17:32:21.127577+00:00
P0008,A systematic review and research perspective on recommender systems,Deepjyoti Roy; Mala Dutta,2022,Journal Of Big Data,10.1186/s40537-022-00592-5,https://doi.org/10.1186/s40537-022-00592-5,https://journalofbigdata.springeropen.com/track/pdf/10.1186/s40537-022-00592-5,"ROY, Deepjyoti et al.. A systematic review and research perspective on recommender systems. Journal Of Big Data, 2022.",Roy2022,"@article{Roy2022,   title = {{A systematic review and research perspective on recommender systems}},   author = {Deepjyoti Roy and Mala Dutta},   year = {2022},   journal = {Journal Of Big Data},   doi = {10.1186/s40537-022-00592-5},   abstract = {Abstract Recommender systems are efficient tools for filtering online information, which is widespread owing to the changing habits of computer users, personalization trends, and emerging access to the internet. Even though the recent recommender systems are eminent in giving precise recommendations, they suffer from various limitations and challenges like scalability, cold-start, sparsity, etc. D}, } ","Abstract Recommender systems are efficient tools for filtering online information, which is widespread owing to the changing habits of computer users, personalization trends, and emerging access to the internet. Even though the recent recommender systems are eminent in giving precise recommendations, they suffer from various limitations and challenges like scalability, cold-start, sparsity, etc. Due to the existence of various techniques, the selection of techniques becomes a complex work while building application-focused recommender systems. In addition, each technique comes with its own set of features, advantages and disadvantages which raises even more questions, which should be addressed. This paper aims to undergo a systematic review on various recent contributions in the domain of recommender systems, focusing on diverse applications like books, movies, products, etc. Initially, the various applications of each recommender system are analysed. Then, the algorithmic analysis on various recommender systems is performed and a taxonomy is framed that accounts for various components required for developing an effective recommender system. In addition, the datasets gathered, simulation platform, and performance metrics focused on each contribution are evaluated and noted. Finally, this review provides a much-needed overview of the current state of research in this field and points out the existing gaps and challenges to help posterity in developing an efficient recommender system.",offline_rl,537,openalex,True,context,,2026-04-10T17:32:21.127577+00:00
P0009,Dynamic Machine Learning Algorithm Selection For Network Slicing in Beyond 5G Networks,Abdelmounaim Bouroudi; Abdelkader Outtagarts; Yassine Hadjadj‐Aoul,2023,2023 IEEE 9th International Conference on Network Softwarization (NetSoft),10.1109/netsoft57336.2023.10175443,https://doi.org/10.1109/netsoft57336.2023.10175443,https://inria.hal.science/hal-04368576/document,"BOUROUDI, Abdelmounaim et al.. Dynamic Machine Learning Algorithm Selection For Network Slicing in Beyond 5G Networks. 2023 IEEE 9th International Conference on Network Softwarization (NetSoft), 2023.",Bouroudi2023,"@article{Bouroudi2023,   title = {{Dynamic Machine Learning Algorithm Selection For Network Slicing in Beyond 5G Networks}},   author = {Abdelmounaim Bouroudi and Abdelkader Outtagarts and Yassine Hadjadj‐Aoul},   year = {2023},   journal = {2023 IEEE 9th International Conference on Network Softwarization (NetSoft)},   doi = {10.1109/netsoft57336.2023.10175443},   abstract = {The advanced 5G and 6G mobile network generations offer new capabilities that enable the creation of multiple virtual network instances with distinct and stringent requirements. However, the coexistence of multiple network functions on top of a shared substrate network poses a resource allocation challenge known as the Virtual Network Embedding (VNE) problem. In recent years, this NP-hard problem }, } ","The advanced 5G and 6G mobile network generations offer new capabilities that enable the creation of multiple virtual network instances with distinct and stringent requirements. However, the coexistence of multiple network functions on top of a shared substrate network poses a resource allocation challenge known as the Virtual Network Embedding (VNE) problem. In recent years, this NP-hard problem has received increasing attention in the literature due to the growing need to optimize resources at the edge of the network, where computational and storage capabilities are limited. In this demo paper, we propose a solution to this problem, utilizing the Algorithm Selection (AS) paradigm. This selects the most optimal Deep Reinforcement Learning (DRL) algorithm from a portfolio of agents, in an offline manner, based on past performance. To evaluate our solution, we developed a simulation platform using the OMNeT++ framework, with an orchestration module containerized using Docker. The proposed solution shows good performance and outperforms standalone algorithms.",offline_rl,3,openalex,True,supporting,,2026-04-10T17:32:21.127577+00:00
P0010,The Role of Leadership in a Digitalized World: A Review,Laura Cortellazzo; Elena Bruni; Rita Zampieri,2019,Frontiers in Psychology,10.3389/fpsyg.2019.01938,https://doi.org/10.3389/fpsyg.2019.01938,https://www.frontiersin.org/articles/10.3389/fpsyg.2019.01938/pdf,"CORTELLAZZO, Laura et al.. The Role of Leadership in a Digitalized World: A Review. Frontiers in Psychology, 2019.",Cortellazzo2019,"@article{Cortellazzo2019,   title = {{The Role of Leadership in a Digitalized World: A Review}},   author = {Laura Cortellazzo and Elena Bruni and Rita Zampieri},   year = {2019},   journal = {Frontiers in Psychology},   doi = {10.3389/fpsyg.2019.01938},   abstract = {Digital technology has changed organizations in an irreversible way. Like the movable type printing accelerated the evolution of our history, digitalization is shaping organizations, work environment and processes, creating new challenges leaders have to face. Social science scholars have been trying to understand this multifaceted phenomenon, however, findings have accumulated in a fragmented and}, } ","Digital technology has changed organizations in an irreversible way. Like the movable type printing accelerated the evolution of our history, digitalization is shaping organizations, work environment and processes, creating new challenges leaders have to face. Social science scholars have been trying to understand this multifaceted phenomenon, however, findings have accumulated in a fragmented and dispersed fashion across different disciplines, and do not seem to converge within a clear picture. To overcome this shortcoming in the literature and foster clarity and alignment in the academic debate, this paper provides a comprehensive analysis of the contribution of studies on leadership and digitalization, identifying patterns of thought and findings across various social science disciplines, such as management and psychology. It clarifies key definitions and ideas, highlighting the main theories and findings drawn by scholars. Further, it identifies categories that group papers according to the macro level of analysis (e-leadership and organization, digital tools, ethical issues, and social movements), and micro level of analysis (the role of C-level managers, leader's skills in the digital age, practices for leading virtual teams). Main findings show leaders are key actors in the development of a digital culture: they need to create relationships with multiple and scattered stakeholders, and focus on enabling collaborative processes in complex settings, while attending to pressing ethical concerns. With this research, we contribute to advance theoretically the debate about digital transformation and leadership, offering an extensive and systematic review, and identifying key future research opportunities to advance knowledge in this field.",offline_rl,712,openalex,True,context,,2026-04-10T17:32:21.127577+00:00
P0011,Offline Pre-trained Multi-agent Decision Transformer,Linghui Meng; Muning Wen; Chenyang Le; Xiyun Li; Dengpeng Xing; Weinan Zhang; Ying Wen; Haifeng Zhang; Jun Wang; Yaodong Yang; Bo Xu,2023,Machine Intelligence Research,10.1007/s11633-022-1383-7,https://doi.org/10.1007/s11633-022-1383-7,https://link.springer.com/content/pdf/10.1007/s11633-022-1383-7.pdf,"MENG, Linghui et al.. Offline Pre-trained Multi-agent Decision Transformer. Machine Intelligence Research, 2023.",Meng2023,"@article{Meng2023,   title = {{Offline Pre-trained Multi-agent Decision Transformer}},   author = {Linghui Meng and Muning Wen and Chenyang Le and Xiyun Li and Dengpeng Xing and Weinan Zhang and Ying Wen and Haifeng Zhang and Jun Wang and Yaodong Yang and Bo Xu},   year = {2023},   journal = {Machine Intelligence Research},   doi = {10.1007/s11633-022-1383-7},   abstract = {Abstract Offline reinforcement learning leverages previously collected offline datasets to learn optimal policies with no necessity to access the real environment. Such a paradigm is also desirable for multi-agent reinforcement learning (MARL) tasks, given the combinatorially increased interactions among agents and with the environment. However, in MARL, the paradigm of offline pre-training with o}, } ","Abstract Offline reinforcement learning leverages previously collected offline datasets to learn optimal policies with no necessity to access the real environment. Such a paradigm is also desirable for multi-agent reinforcement learning (MARL) tasks, given the combinatorially increased interactions among agents and with the environment. However, in MARL, the paradigm of offline pre-training with online fine-tuning has not been studied, nor even datasets or benchmarks for offline MARL research are available. In this paper, we facilitate the research by providing large-scale datasets and using them to examine the usage of the decision transformer in the context of MARL. We investigate the generalization of MARL offline pre-training in the following three aspects: 1) between single agents and multiple agents, 2) from offline pretraining to online fine tuning, and 3) to that of multiple downstream tasks with few-shot and zero-shot capabilities. We start by introducing the first offline MARL dataset with diverse quality levels based on the StarCraftII environment, and then propose the novel architecture of multi-agent decision transformer (MADT) for effective offline learning. MADT leverages the transformer’s modelling ability for sequence modelling and integrates it seamlessly with both offline and online MARL tasks. A significant benefit of MADT is that it learns generalizable policies that can transfer between different types of agents under different task scenarios. On the StarCraft II offline dataset, MADT outperforms the state-of-the-art offline reinforcement learning (RL) baselines, including BCQ and CQL. When applied to online tasks, the pre-trained MADT significantly improves sample efficiency and enjoys strong performance in both few-short and zero-shot cases. To the best of our knowledge, this is the first work that studies and demonstrates the effectiveness of offline pre-trained models in terms of sample efficiency and generalizability enhancements for MARL.",offline_rl,42,openalex,True,core,,2026-04-10T17:32:21.127577+00:00
P0012,Offline Reinforcement Learning for Automated Stock Trading,Namyeong Lee; Jun Moon,2023,IEEE Access,10.1109/access.2023.3324458,https://doi.org/10.1109/access.2023.3324458,https://ieeexplore.ieee.org/ielx7/6287639/6514899/10285085.pdf,"LEE, Namyeong et al.. Offline Reinforcement Learning for Automated Stock Trading. IEEE Access, 2023.",Lee2023,"@article{Lee2023,   title = {{Offline Reinforcement Learning for Automated Stock Trading}},   author = {Namyeong Lee and Jun Moon},   year = {2023},   journal = {IEEE Access},   doi = {10.1109/access.2023.3324458},   abstract = {Recently, with the increasing interest in investments in financial stock markets, several methods have been proposed to automatically trade stocks and/or predict future stock prices using machine learning techniques, such as reinforcement learning (RL), LSTM, and transformers. Among them, RL has been applied to manage portfolio assets with a sequence of optimal actions. The most important factor i}, } ","Recently, with the increasing interest in investments in financial stock markets, several methods have been proposed to automatically trade stocks and/or predict future stock prices using machine learning techniques, such as reinforcement learning (RL), LSTM, and transformers. Among them, RL has been applied to manage portfolio assets with a sequence of optimal actions. The most important factor in investing in stocks is the utilization of past stock price data. However, existing RL algorithms applied to stock markets do not consider past stock data when taking optimal actions, as RL is formulated based on the Markov property. In other words, it means that the existing RL algorithm infers action based on the current state only. To resolve this limitation, we propose Transformer Actor-Critic with Regularization (TACR) using decision transformer to train the model with the correlation of past MDP (Markov Decision Process) elements using an attention network. In addition, a critic network is added to improve the performance by updating the parameters based on the evaluation of an action. For an efficient learning method, we train our model using an offline RL algorithm through suboptimal trajectories. To prevent overestimating the value of actions and reduce learning time, we train TACR through a regularization technique with an added behavior cloning. The experimental results using various stock market datasets show that TACR performs better than other state-of-the-art methods in terms of the Sharpe ratio and profit.",offline_rl,18,openalex,True,core,,2026-04-10T17:32:21.127577+00:00
P0013,In-game soccer outcome prediction with offline reinforcement learning,Pegah Rahimian; Balazs Mark Mihalyi; László Toka,2024,Machine Learning,10.1007/s10994-024-06611-1,https://doi.org/10.1007/s10994-024-06611-1,https://link.springer.com/content/pdf/10.1007/s10994-024-06611-1.pdf,"RAHIMIAN, Pegah et al.. In-game soccer outcome prediction with offline reinforcement learning. Machine Learning, 2024.",Rahimian2024,"@article{Rahimian2024,   title = {{In-game soccer outcome prediction with offline reinforcement learning}},   author = {Pegah Rahimian and Balazs Mark Mihalyi and László Toka},   year = {2024},   journal = {Machine Learning},   doi = {10.1007/s10994-024-06611-1},   abstract = {Abstract Predicting outcomes in soccer is crucial for various stakeholders, including teams, leagues, bettors, the betting industry, media, and fans. With advancements in computer vision, player tracking data has become abundant, leading to the development of sophisticated soccer analytics models. However, existing models often rely solely on spatiotemporal features derived from player tracking da}, } ","Abstract Predicting outcomes in soccer is crucial for various stakeholders, including teams, leagues, bettors, the betting industry, media, and fans. With advancements in computer vision, player tracking data has become abundant, leading to the development of sophisticated soccer analytics models. However, existing models often rely solely on spatiotemporal features derived from player tracking data, which may not fully capture the complexities of in-game dynamics. In this paper, we present an end-to-end system that leverages raw event and tracking data to predict both offensive and defensive actions, along with the optimal decision for each game scenario, based solely on historical game data. Our model incorporates the effectiveness of these actions to accurately predict win probabilities at every minute of the game. Experimental results demonstrate the effectiveness of our approach, achieving an accuracy of 87% in predicting offensive and defensive actions. Furthermore, our in-game outcome prediction model exhibits an error rate of 0.1, outperforming counterpart models and bookmakers’ odds.",offline_rl,9,openalex,True,core,,2026-04-10T17:32:21.127577+00:00
P0014,From Rules to Rewards: Reinforcement Learning for Interest Rate Adjustment in DeFi Lending,Hong Qu; Krzysztof Gogol; Florian Groetschla; Claudio J. Tessone,2025,ArXiv.org,10.48550/arxiv.2506.00505,https://doi.org/10.48550/arxiv.2506.00505,https://arxiv.org/pdf/2506.00505,"QU, Hong et al.. From Rules to Rewards: Reinforcement Learning for Interest Rate Adjustment in DeFi Lending. ArXiv.org, 2025.",Qu2025,"@article{Qu2025,   title = {{From Rules to Rewards: Reinforcement Learning for Interest Rate Adjustment in DeFi Lending}},   author = {Hong Qu and Krzysztof Gogol and Florian Groetschla and Claudio J. Tessone},   year = {2025},   journal = {ArXiv.org},   doi = {10.48550/arxiv.2506.00505},   abstract = {Decentralized Finance (DeFi) lending enables permissionless borrowing via smart contracts. However, it faces challenges in optimizing interest rates, mitigating bad debt, and improving capital efficiency. Rule-based interest-rate models struggle to adapt to dynamic market conditions, leading to inefficiencies. This work applies Offline Reinforcement Learning (RL) to optimize interest rate adjustme}, } ","Decentralized Finance (DeFi) lending enables permissionless borrowing via smart contracts. However, it faces challenges in optimizing interest rates, mitigating bad debt, and improving capital efficiency. Rule-based interest-rate models struggle to adapt to dynamic market conditions, leading to inefficiencies. This work applies Offline Reinforcement Learning (RL) to optimize interest rate adjustments in DeFi lending protocols. Using historical data from Aave protocol, we evaluate three RL approaches: Conservative Q-Learning (CQL), Behavior Cloning (BC), and TD3 with Behavior Cloning (TD3-BC). TD3-BC demonstrates superior performance in balancing utilization, capital stability, and risk, outperforming existing models. It adapts effectively to historical stress events like the May 2021 crash and the March 2023 USDC depeg, showcasing potential for automated, real-time governance.",offline_rl,0,openalex,False,core,,2026-04-10T17:32:21.127577+00:00
P0015,Extreme Q-Learning: MaxEnt RL without Entropy,Divyansh Garg; Joey Hejna; Matthieu Geist; Stefano Ermon,2023,arXiv (Cornell University),10.48550/arxiv.2301.02328,https://doi.org/10.48550/arxiv.2301.02328,https://arxiv.org/pdf/2301.02328,"GARG, Divyansh et al.. Extreme Q-Learning: MaxEnt RL without Entropy. arXiv (Cornell University), 2023.",Garg2023,"@article{Garg2023,   title = {{Extreme Q-Learning: MaxEnt RL without Entropy}},   author = {Divyansh Garg and Joey Hejna and Matthieu Geist and Stefano Ermon},   year = {2023},   journal = {arXiv (Cornell University)},   doi = {10.48550/arxiv.2301.02328},   abstract = {Modern Deep Reinforcement Learning (RL) algorithms require estimates of the maximal Q-value, which are difficult to compute in continuous domains with an infinite number of possible actions. In this work, we introduce a new update rule for online and offline RL which directly models the maximal value using Extreme Value Theory (EVT), drawing inspiration from economics. By doing so, we avoid comput}, } ","Modern Deep Reinforcement Learning (RL) algorithms require estimates of the maximal Q-value, which are difficult to compute in continuous domains with an infinite number of possible actions. In this work, we introduce a new update rule for online and offline RL which directly models the maximal value using Extreme Value Theory (EVT), drawing inspiration from economics. By doing so, we avoid computing Q-values using out-of-distribution actions which is often a substantial source of error. Our key insight is to introduce an objective that directly estimates the optimal soft-value functions (LogSumExp) in the maximum entropy RL setting without needing to sample from a policy. Using EVT, we derive our \emph{Extreme Q-Learning} framework and consequently online and, for the first time, offline MaxEnt Q-learning algorithms, that do not explicitly require access to a policy or its entropy. Our method obtains consistently strong performance in the D4RL benchmark, outperforming prior works by \emph{10+ points} on the challenging Franka Kitchen tasks while offering moderate improvements over SAC and TD3 on online DM Control tasks. Visualizations and code can be found on our website at https://div99.github.io/XQL/.",offline_rl,5,openalex,False,core,,2026-04-10T17:32:21.127577+00:00
P0016,Risk Sensitive Dead-end Identification in Safety-Critical Offline Reinforcement Learning,Taylor W. Killian; Sonali Parbhoo; Marzyeh Ghassemi,2023,arXiv (Cornell University),10.48550/arxiv.2301.05664,https://doi.org/10.48550/arxiv.2301.05664,https://arxiv.org/pdf/2301.05664,"KILLIAN, Taylor W. et al.. Risk Sensitive Dead-end Identification in Safety-Critical Offline Reinforcement Learning. arXiv (Cornell University), 2023.",Killian2023,"@article{Killian2023,   title = {{Risk Sensitive Dead-end Identification in Safety-Critical Offline Reinforcement Learning}},   author = {Taylor W. Killian and Sonali Parbhoo and Marzyeh Ghassemi},   year = {2023},   journal = {arXiv (Cornell University)},   doi = {10.48550/arxiv.2301.05664},   abstract = {In safety-critical decision-making scenarios being able to identify worst-case outcomes, or dead-ends is crucial in order to develop safe and reliable policies in practice. These situations are typically rife with uncertainty due to unknown or stochastic characteristics of the environment as well as limited offline training data. As a result, the value of a decision at any time point should be bas}, } ","In safety-critical decision-making scenarios being able to identify worst-case outcomes, or dead-ends is crucial in order to develop safe and reliable policies in practice. These situations are typically rife with uncertainty due to unknown or stochastic characteristics of the environment as well as limited offline training data. As a result, the value of a decision at any time point should be based on the distribution of its anticipated effects. We propose a framework to identify worst-case decision points, by explicitly estimating distributions of the expected return of a decision. These estimates enable earlier indication of dead-ends in a manner that is tunable based on the risk tolerance of the designed task. We demonstrate the utility of Distributional Dead-end Discovery (DistDeD) in a toy domain as well as when assessing the risk of severely ill patients in the intensive care unit reaching a point where death is unavoidable. We find that DistDeD significantly improves over prior discovery approaches, providing indications of the risk 10 hours earlier on average as well as increasing detection by 20%.",offline_rl,4,openalex,False,core,,2026-04-10T17:32:21.127577+00:00
P0017,The RL/LLM Taxonomy Tree: Reviewing Synergies Between Reinforcement Learning and Large Language Models,Moschoula Pternea; Prerna Singh; Abir Chakraborty; Yagna Deepika Oruganti; Mirco Milletarì; Sayli Bapat; Kebei Jiang,2024,Journal of Artificial Intelligence Research,10.1613/jair.1.15960,https://doi.org/10.1613/jair.1.15960,https://www.jair.org/index.php/jair/article/download/15960/27074,"PTERNEA, Moschoula et al.. The RL/LLM Taxonomy Tree: Reviewing Synergies Between Reinforcement Learning and Large Language Models. Journal of Artificial Intelligence Research, 2024.",Pternea2024,"@article{Pternea2024,   title = {{The RL/LLM Taxonomy Tree: Reviewing Synergies Between Reinforcement Learning and Large Language Models}},   author = {Moschoula Pternea and Prerna Singh and Abir Chakraborty and Yagna Deepika Oruganti and Mirco Milletarì and Sayli Bapat and Kebei Jiang},   year = {2024},   journal = {Journal of Artificial Intelligence Research},   doi = {10.1613/jair.1.15960},   abstract = {In this work, we review research studies that combine Reinforcement Learning (RL) and Large Language Models (LLMs), two areas that owe their momentum to the development of Deep Neural Networks (DNNs). We propose a novel taxonomy of three main classes based on the way that the two model types interact with each other. The first class, RL4LLM, includes studies where RL is leveraged to improve the pe}, } ","In this work, we review research studies that combine Reinforcement Learning (RL) and Large Language Models (LLMs), two areas that owe their momentum to the development of Deep Neural Networks (DNNs). We propose a novel taxonomy of three main classes based on the way that the two model types interact with each other. The first class, RL4LLM, includes studies where RL is leveraged to improve the performance of LLMs on tasks related to Natural Language Processing (NLP). RL4LLM is divided into two sub-categories depending on whether RL is used to directly fine-tune an existing LLM or to improve the prompt of the LLM. In the second class, LLM4RL, an LLM assists the training of an RL model that performs a task that is not inherently related to natural language. We further break down LLM4RL based on the component of the RL training framework that the LLM assists or replaces, namely reward shaping, goal generation, and policy function. Finally, in the third class, RL+LLM, an LLM and an RL agent are embedded in a common planning framework without either of them contributing to training or fine-tuning of the other. We further branch this class to distinguish between studies with and without natural language feedback. We use this taxonomy to explore the motivations behind the synergy of LLMs and RL and explain the reasons for its success, while pinpointing potential shortcomings and areas where further research is needed, as well as alternative methodologies that serve the same goal.",offline_rl,18,openalex,True,supporting,,2026-04-10T17:32:21.127577+00:00
P0018,"Finetuning from Offline Reinforcement Learning: Challenges, Trade-offs and Practical Solutions",Yicheng Luo; Jackie Kay; Edward Grefenstette; Marc Peter Deisenroth,2023,arXiv (Cornell University),10.48550/arxiv.2303.17396,https://doi.org/10.48550/arxiv.2303.17396,https://arxiv.org/pdf/2303.17396,"LUO, Yicheng et al.. Finetuning from Offline Reinforcement Learning: Challenges, Trade-offs and Practical Solutions. arXiv (Cornell University), 2023.",Luo2023,"@article{Luo2023,   title = {{Finetuning from Offline Reinforcement Learning: Challenges, Trade-offs and Practical Solutions}},   author = {Yicheng Luo and Jackie Kay and Edward Grefenstette and Marc Peter Deisenroth},   year = {2023},   journal = {arXiv (Cornell University)},   doi = {10.48550/arxiv.2303.17396},   abstract = {Offline reinforcement learning (RL) allows for the training of competent agents from offline datasets without any interaction with the environment. Online finetuning of such offline models can further improve performance. But how should we ideally finetune agents obtained from offline RL training? While offline RL algorithms can in principle be used for finetuning, in practice, their online perfor}, } ","Offline reinforcement learning (RL) allows for the training of competent agents from offline datasets without any interaction with the environment. Online finetuning of such offline models can further improve performance. But how should we ideally finetune agents obtained from offline RL training? While offline RL algorithms can in principle be used for finetuning, in practice, their online performance improves slowly. In contrast, we show that it is possible to use standard online off-policy algorithms for faster improvement. However, we find this approach may suffer from policy collapse, where the policy undergoes severe performance deterioration during initial online learning. We investigate the issue of policy collapse and how it relates to data diversity, algorithm choices and online replay distribution. Based on these insights, we propose a conservative policy optimization procedure that can achieve stable and sample-efficient online learning from offline pretraining.",offline_rl,4,openalex,False,core,,2026-04-10T17:32:21.127577+00:00
P0019,TorchRL: A data-driven decision-making library for PyTorch,Albert Bou; Matteo Bettini; Sebastian Dittert; Vikash Kumar; Shagun Sodhani; Xiaomeng Yang; Gianni De Fabritiis; Vincent Moens,2023,arXiv (Cornell University),10.48550/arxiv.2306.00577,https://doi.org/10.48550/arxiv.2306.00577,https://arxiv.org/pdf/2306.00577,"BOU, Albert et al.. TorchRL: A data-driven decision-making library for PyTorch. arXiv (Cornell University), 2023.",Bou2023,"@article{Bou2023,   title = {{TorchRL: A data-driven decision-making library for PyTorch}},   author = {Albert Bou and Matteo Bettini and Sebastian Dittert and Vikash Kumar and Shagun Sodhani and Xiaomeng Yang and Gianni De Fabritiis and Vincent Moens},   year = {2023},   journal = {arXiv (Cornell University)},   doi = {10.48550/arxiv.2306.00577},   abstract = {PyTorch has ascended as a premier machine learning framework, yet it lacks a native and comprehensive library for decision and control tasks suitable for large development teams dealing with complex real-world data and environments. To address this issue, we propose TorchRL, a generalistic control library for PyTorch that provides well-integrated, yet standalone components. We introduce a new and }, } ","PyTorch has ascended as a premier machine learning framework, yet it lacks a native and comprehensive library for decision and control tasks suitable for large development teams dealing with complex real-world data and environments. To address this issue, we propose TorchRL, a generalistic control library for PyTorch that provides well-integrated, yet standalone components. We introduce a new and flexible PyTorch primitive, the TensorDict, which facilitates streamlined algorithm development across the many branches of Reinforcement Learning (RL) and control. We provide a detailed description of the building blocks and an extensive overview of the library across domains and tasks. Finally, we experimentally demonstrate its reliability and flexibility and show comparative benchmarks to demonstrate its computational efficiency. TorchRL fosters long-term support and is publicly available on GitHub for greater reproducibility and collaboration within the research community. The code is open-sourced on GitHub.",offline_rl,14,openalex,False,supporting,,2026-04-10T17:32:21.127577+00:00
P0020,A Deep Reinforcement Learning Framework for the Financial Portfolio\n Management Problem,Zhengyao Jiang; Dixing Xu; Jinjun Liang,2017,arXiv (Cornell University),10.48550/arxiv.1706.10059,https://doi.org/10.48550/arxiv.1706.10059,https://arxiv.org/pdf/1706.10059,"JIANG, Zhengyao et al.. A Deep Reinforcement Learning Framework for the Financial Portfolio\n Management Problem. arXiv (Cornell University), 2017.",Jiang2017,"@article{Jiang2017,   title = {{A Deep Reinforcement Learning Framework for the Financial Portfolio\n Management Problem}},   author = {Zhengyao Jiang and Dixing Xu and Jinjun Liang},   year = {2017},   journal = {arXiv (Cornell University)},   doi = {10.48550/arxiv.1706.10059},   abstract = {Financial portfolio management is the process of constant redistribution of a\nfund into different financial products. This paper presents a\nfinancial-model-free Reinforcement Learning framework to provide a deep machine\nlearning solution to the portfolio management problem. The framework consists\nof the Ensemble of Identical Independent Evaluators (EIIE) topology, a\nPortfolio-Vector Memory (P}, } ","Financial portfolio management is the process of constant redistribution of a\nfund into different financial products. This paper presents a\nfinancial-model-free Reinforcement Learning framework to provide a deep machine\nlearning solution to the portfolio management problem. The framework consists\nof the Ensemble of Identical Independent Evaluators (EIIE) topology, a\nPortfolio-Vector Memory (PVM), an Online Stochastic Batch Learning (OSBL)\nscheme, and a fully exploiting and explicit reward function. This framework is\nrealized in three instants in this work with a Convolutional Neural Network\n(CNN), a basic Recurrent Neural Network (RNN), and a Long Short-Term Memory\n(LSTM). They are, along with a number of recently reviewed or published\nportfolio-selection strategies, examined in three back-test experiments with a\ntrading period of 30 minutes in a cryptocurrency market. Cryptocurrencies are\nelectronic and decentralized alternatives to government-issued money, with\nBitcoin as the best-known example of a cryptocurrency. All three instances of\nthe framework monopolize the top three positions in all experiments,\noutdistancing other compared trading algorithms. Although with a high\ncommission rate of 0.25% in the backtests, the framework is able to achieve at\nleast 4-fold returns in 50 days.\n",offline_rl,229,openalex,False,supporting,,2026-04-10T17:32:21.127577+00:00
P0021,Financial portfolio optimization with online deep reinforcement learning and restricted stacked autoencoder—DeepBreath,Farzan Soleymani; Eric Paquet,2020,Expert Systems with Applications,10.1016/j.eswa.2020.113456,https://doi.org/10.1016/j.eswa.2020.113456,,"SOLEYMANI, Farzan et al.. Financial portfolio optimization with online deep reinforcement learning and restricted stacked autoencoder—DeepBreath. Expert Systems with Applications, 2020.",Soleymani2020,"@article{Soleymani2020,   title = {{Financial portfolio optimization with online deep reinforcement learning and restricted stacked autoencoder—DeepBreath}},   author = {Farzan Soleymani and Eric Paquet},   year = {2020},   journal = {Expert Systems with Applications},   doi = {10.1016/j.eswa.2020.113456},   abstract = {The process of continuously reallocating funds into financial assets, aiming to increase the expected return of investment and minimizing the risk, is known as portfolio management. In this paper, a portfolio management framework is developed based on a deep reinforcement learning framework called DeepBreath. The DeepBreath methodology combines a restricted stacked autoencoder and a convolutional }, } ","The process of continuously reallocating funds into financial assets, aiming to increase the expected return of investment and minimizing the risk, is known as portfolio management. In this paper, a portfolio management framework is developed based on a deep reinforcement learning framework called DeepBreath. The DeepBreath methodology combines a restricted stacked autoencoder and a convolutional neural network (CNN) into an integrated framework. The restricted stacked autoencoder is employed in order to conduct dimensionality reduction and features selection, thus ensuring that only the most informative abstract features are retained. The CNN is used to learn and enforce the investment policy which consists of reallocating the various assets in order to increase the expected return on investment. The framework consists of both offline and online learning strategies: the former is required to train the CNN while the latter handles concept drifts i.e. a change in the data distribution resulting from unforeseen circumstances. These are based on passive concept drift detection and online stochastic batching. Settlement risk may occur as a result of a delay in between the acquisition of an asset and its payment failing to deliver the terms of a contract. In order to tackle this challenging issue, a blockchain is employed. Finally, the performance of the DeepBreath framework is tested with four test sets over three distinct investment periods. The results show that the return of investment achieved by our approach outperforms current expert investment strategies while minimizing the market risk.",offline_rl,143,openalex,True,supporting,,2026-04-10T17:32:21.127577+00:00
P0022,Extremely randomized trees,Pierre Geurts; Damien Ernst; Louis Wehenkel,2006,Machine Learning,10.1007/s10994-006-6226-1,https://doi.org/10.1007/s10994-006-6226-1,https://link.springer.com/content/pdf/10.1007/s10994-006-6226-1.pdf,"GEURTS, Pierre et al.. Extremely randomized trees. Machine Learning, 2006.",Geurts2006,"@article{Geurts2006,   title = {{Extremely randomized trees}},   author = {Pierre Geurts and Damien Ernst and Louis Wehenkel},   year = {2006},   journal = {Machine Learning},   doi = {10.1007/s10994-006-6226-1}, } ",,offline_rl,8371,openalex,True,context,,2026-04-10T17:32:21.127577+00:00
P0023,Advances and Open Problems in Federated Learning,Peter Kairouz; H. Brendan McMahan; Brendan Avent; Aurélien Bellet; Mehdi Bennis; Arjun Nitin Bhagoji; Kallista Bonawitz; Zachary Charles; Graham Cormode; Rachel Cummings; Rafael G. L. D’Oliveira; Hubert Eichner; Salim El Rouayheb; David Evans; Joshua Gardner; Zachary Garrett; Adrià Gascón; Badih Ghazi; Phillip B. Gibbons; Marco Gruteser; Zaïd Harchaoui; Chaoyang He; Lingxiao He; Zhouyuan Huo; Ben Hutchinson; Justin Hsu; Martin Jaggi; Tara Javidi; Gauri Joshi; Mikhail Khodak; Jakub Konečný; Aleksandra Korolova; Farinaz Koushanfar; Sanmi Koyejo; Tancrède Lepoint; Yang Liu; Prateek Mittal; Mehryar Mohri; Richard Nock; Ayfer Özgür; Rasmus Pagh; Hang Qi; Daniel Ramage; Ramesh Raskar; Mariana Raykova; Dawn Song; Weikang Song; Sebastian U. Stich; Ziteng Sun; Ajith Suresh; Florian Tramèr; Praneeth Vepakomma; Jianyu Wang; Li Xiong; Zheng Xu; Qiang Yang; Felix X. Yu; Han Yu; Sen Zhao,2020,Foundations and Trends® in Machine Learning,10.1561/2200000083,https://doi.org/10.1561/2200000083,https://arxiv.org/pdf/1912.04977,"KAIROUZ, Peter et al.. Advances and Open Problems in Federated Learning. Foundations and Trends® in Machine Learning, 2020.",Kairouz2020,"@article{Kairouz2020,   title = {{Advances and Open Problems in Federated Learning}},   author = {Peter Kairouz and H. Brendan McMahan and Brendan Avent and Aurélien Bellet and Mehdi Bennis and Arjun Nitin Bhagoji and Kallista Bonawitz and Zachary Charles and Graham Cormode and Rachel Cummings and Rafael G. L. D’Oliveira and Hubert Eichner and Salim El Rouayheb and David Evans and Joshua Gardner and Zachary Garrett and Adrià Gascón and Badih Ghazi and Phillip B. Gibbons and Marco Gruteser and Zaïd Harchaoui and Chaoyang He and Lingxiao He and Zhouyuan Huo and Ben Hutchinson and Justin Hsu and Martin Jaggi and Tara Javidi and Gauri Joshi and Mikhail Khodak and Jakub Konečný and Aleksandra Korolova and Farinaz Koushanfar and Sanmi Koyejo and Tancrède Lepoint and Yang Liu and Prateek Mittal and Mehryar Mohri and Richard Nock and Ayfer Özgür and Rasmus Pagh and Hang Qi and Daniel Ramage and Ramesh Raskar and Mariana Raykova and Dawn Song and Weikang Song and Sebastian U. Stich and Ziteng Sun and Ajith Suresh and Florian Tramèr and Praneeth Vepakomma and Jianyu Wang and Li Xiong and Zheng Xu and Qiang Yang and Felix X. Yu and Han Yu and Sen Zhao},   year = {2020},   journal = {Foundations and Trends® in Machine Learning},   doi = {10.1561/2200000083},   abstract = {Federated learning (FL) is a machine learning setting where many clients (e.g., mobile devices or whole organizations) collaboratively train a model under the orchestration of a central server (e.g., service provider), while keeping the training data decentralized. FL embodies the principles of focused data collection and minimization, and can mitigate many of the systemic privacy risks and costs }, } ","Federated learning (FL) is a machine learning setting where many clients (e.g., mobile devices or whole organizations) collaboratively train a model under the orchestration of a central server (e.g., service provider), while keeping the training data decentralized. FL embodies the principles of focused data collection and minimization, and can mitigate many of the systemic privacy risks and costs resulting from traditional, centralized machine learning and data science approaches. Motivated by the explosive growth in FL research, this monograph discusses recent advances and presents an extensive collection of open problems and challenges.",offline_rl,4409,openalex,True,context,,2026-04-10T17:32:21.127577+00:00
P0024,Ensemble deep learning: A review,M. A. Ganaie; Minghui Hu; A. K. Malik; M. Tanveer; Ponnuthurai Nagaratnam Suganthan,2022,Engineering Applications of Artificial Intelligence,10.1016/j.engappai.2022.105151,https://doi.org/10.1016/j.engappai.2022.105151,https://www.sciencedirect.com/science/article/pii/S095219762200269X,"GANAIE, M. A. et al.. Ensemble deep learning: A review. Engineering Applications of Artificial Intelligence, 2022.",Ganaie2022,"@article{Ganaie2022,   title = {{Ensemble deep learning: A review}},   author = {M. A. Ganaie and Minghui Hu and A. K. Malik and M. Tanveer and Ponnuthurai Nagaratnam Suganthan},   year = {2022},   journal = {Engineering Applications of Artificial Intelligence},   doi = {10.1016/j.engappai.2022.105151}, } ",,offline_rl,1938,openalex,True,context,,2026-04-10T17:32:21.127577+00:00
P0025,Solving high-dimensional partial differential equations using deep learning,Jiequn Han; Arnulf Jentzen; E Weinan,2018,Proceedings of the National Academy of Sciences,10.1073/pnas.1718942115,https://doi.org/10.1073/pnas.1718942115,https://arxiv.org/pdf/1707.02568,"HAN, Jiequn et al.. Solving high-dimensional partial differential equations using deep learning. Proceedings of the National Academy of Sciences, 2018.",Han2018,"@article{Han2018,   title = {{Solving high-dimensional partial differential equations using deep learning}},   author = {Jiequn Han and Arnulf Jentzen and E Weinan},   year = {2018},   journal = {Proceedings of the National Academy of Sciences},   doi = {10.1073/pnas.1718942115},   abstract = {Developing algorithms for solving high-dimensional partial differential equations (PDEs) has been an exceedingly difficult task for a long time, due to the notoriously difficult problem known as the ""curse of dimensionality."" This paper introduces a deep learning-based approach that can handle general high-dimensional parabolic PDEs. To this end, the PDEs are reformulated using backward stochastic}, } ","Developing algorithms for solving high-dimensional partial differential equations (PDEs) has been an exceedingly difficult task for a long time, due to the notoriously difficult problem known as the ""curse of dimensionality."" This paper introduces a deep learning-based approach that can handle general high-dimensional parabolic PDEs. To this end, the PDEs are reformulated using backward stochastic differential equations and the gradient of the unknown solution is approximated by neural networks, very much in the spirit of deep reinforcement learning with the gradient acting as the policy function. Numerical results on examples including the nonlinear Black-Scholes equation, the Hamilton-Jacobi-Bellman equation, and the Allen-Cahn equation suggest that the proposed algorithm is quite effective in high dimensions, in terms of both accuracy and cost. This opens up possibilities in economics, finance, operational research, and physics, by considering all participating agents, assets, resources, or particles together at the same time, instead of making ad hoc assumptions on their interrelationships.",offline_rl,1668,openalex,True,supporting,,2026-04-10T17:32:21.127577+00:00
P0026,A survey on concept drift adaptation,João Gama; Indrė Žliobaitė; Albert Bifet; Mykola Pechenizkiy; Abdelhamid Bouchachia,2014,ACM Computing Surveys,10.1145/2523813,https://doi.org/10.1145/2523813,http://eprints.bournemouth.ac.uk/22491/1/ACM%20computing%20surveys.pdf,"GAMA, João et al.. A survey on concept drift adaptation. ACM Computing Surveys, 2014.",Gama2014,"@article{Gama2014,   title = {{A survey on concept drift adaptation}},   author = {João Gama and Indrė Žliobaitė and Albert Bifet and Mykola Pechenizkiy and Abdelhamid Bouchachia},   year = {2014},   journal = {ACM Computing Surveys},   doi = {10.1145/2523813},   abstract = {Concept drift primarily refers to an online supervised learning scenario when the relation between the input data and the target variable changes over time. Assuming a general knowledge of supervised learning in this article, we characterize adaptive learning processes; categorize existing strategies for handling concept drift; overview the most representative, distinct, and popular techniques and}, } ","Concept drift primarily refers to an online supervised learning scenario when the relation between the input data and the target variable changes over time. Assuming a general knowledge of supervised learning in this article, we characterize adaptive learning processes; categorize existing strategies for handling concept drift; overview the most representative, distinct, and popular techniques and algorithms; discuss evaluation methodology of adaptive algorithms; and present a set of illustrative applications. The survey covers the different facets of concept drift in an integrated way to reflect on the existing scattered state of the art. Thus, it aims at providing a comprehensive introduction to the concept drift adaptation for researchers, industry analysts, and practitioners.",offline_rl,3161,openalex,True,context,,2026-04-10T17:32:21.127577+00:00
P0027,An Introduction to Deep Reinforcement Learning,Vincent François-Lavet; Peter Henderson; Riashat Islam; Marc G. Bellemare; Joëlle Pineau,2018,Foundations and Trends® in Machine Learning,10.1561/2200000071,https://doi.org/10.1561/2200000071,https://arxiv.org/pdf/1811.12560,"FRANÇOIS-LAVET, Vincent et al.. An Introduction to Deep Reinforcement Learning. Foundations and Trends® in Machine Learning, 2018.",FranoisLavet2018,"@article{FranoisLavet2018,   title = {{An Introduction to Deep Reinforcement Learning}},   author = {Vincent François-Lavet and Peter Henderson and Riashat Islam and Marc G. Bellemare and Joëlle Pineau},   year = {2018},   journal = {Foundations and Trends® in Machine Learning},   doi = {10.1561/2200000071},   abstract = {Deep reinforcement learning is the combination of reinforcement learning (RL) and deep learning. This field of research has been able to solve a wide range of complex decision making tasks that were previously out of reach for a machine. Thus, deep RL opens up many new applications in domains such as healthcare, robotics, smart grids, finance, and many more. This manuscript provides an introductio}, } ","Deep reinforcement learning is the combination of reinforcement learning (RL) and deep learning. This field of research has been able to solve a wide range of complex decision making tasks that were previously out of reach for a machine. Thus, deep RL opens up many new applications in domains such as healthcare, robotics, smart grids, finance, and many more. This manuscript provides an introduction to deep reinforcement learning models, algorithms and techniques. Particular focus is on the aspects related to generalization and how deep RL can be used for practical applications. We assume the reader is familiar with basic machine learning concepts.",offline_rl,1225,openalex,True,supporting,,2026-04-10T17:32:21.127577+00:00
P0028,Cryptocurrency portfolio management with deep reinforcement learning,Zhengyao Jiang; Jinjun Liang,2017,2017 Intelligent Systems Conference (IntelliSys),10.1109/intellisys.2017.8324237,https://doi.org/10.1109/intellisys.2017.8324237,,"JIANG, Zhengyao et al.. Cryptocurrency portfolio management with deep reinforcement learning. 2017 Intelligent Systems Conference (IntelliSys), 2017.",Jiang2017a,"@article{Jiang2017a,   title = {{Cryptocurrency portfolio management with deep reinforcement learning}},   author = {Zhengyao Jiang and Jinjun Liang},   year = {2017},   journal = {2017 Intelligent Systems Conference (IntelliSys)},   doi = {10.1109/intellisys.2017.8324237},   abstract = {Portfolio management is the decision-making process of allocating an amount of fund into different financial investment products. Cryptocurrencies are electronic and decentralized alternatives to government-issued money, with Bitcoin as the best-known example of a cryptocurrency. This paper presents a model-less convolutional neural network with historic prices of a set of financial assets as its }, } ","Portfolio management is the decision-making process of allocating an amount of fund into different financial investment products. Cryptocurrencies are electronic and decentralized alternatives to government-issued money, with Bitcoin as the best-known example of a cryptocurrency. This paper presents a model-less convolutional neural network with historic prices of a set of financial assets as its input, outputting portfolio weights of the set. The network is trained with 0.7 years' price data from a cryptocurrency exchange. The training is done in a reinforcement manner, maximizing the accumulative return, which is regarded as the reward function of the network. Back test trading experiments with trading period of 30 minutes is conducted in the same market, achieving 10-fold returns in 1.8 month's periods. Some recently published portfolio selection strategies are also used to perform the same back tests, whose results are compared with the neural network. The network is not limited to cryptocurrency, but can be applied to any other financial markets.",rl_finance,267,openalex,True,supporting,,2026-04-10T17:32:21.127577+00:00
P0029,DeepTrader: A Deep Reinforcement Learning Approach for Risk-Return Balanced Portfolio Management with Market Conditions Embedding,Zhicheng Wang; Biwei Huang; Shikui Tu; Kun Zhang; Lei Xu,2021,Proceedings of the AAAI Conference on Artificial Intelligence,10.1609/aaai.v35i1.16144,https://doi.org/10.1609/aaai.v35i1.16144,https://ojs.aaai.org/index.php/AAAI/article/download/16144/15951,"WANG, Zhicheng et al.. DeepTrader: A Deep Reinforcement Learning Approach for Risk-Return Balanced Portfolio Management with Market Conditions Embedding. Proceedings of the AAAI Conference on Artificial Intelligence, 2021.",Wang2021,"@article{Wang2021,   title = {{DeepTrader: A Deep Reinforcement Learning Approach for Risk-Return Balanced Portfolio Management with Market Conditions Embedding}},   author = {Zhicheng Wang and Biwei Huang and Shikui Tu and Kun Zhang and Lei Xu},   year = {2021},   journal = {Proceedings of the AAAI Conference on Artificial Intelligence},   doi = {10.1609/aaai.v35i1.16144},   abstract = {Most existing reinforcement learning (RL)-based portfolio management models do not take into account the market conditions, which limits their performance in risk-return balancing. In this paper, we propose DeepTrader, a deep RL method to optimize the investment policy. In particular, to tackle the risk-return balancing problem, our model embeds macro market conditions as an indicator to dynamical}, } ","Most existing reinforcement learning (RL)-based portfolio management models do not take into account the market conditions, which limits their performance in risk-return balancing. In this paper, we propose DeepTrader, a deep RL method to optimize the investment policy. In particular, to tackle the risk-return balancing problem, our model embeds macro market conditions as an indicator to dynamically adjust the proportion between long and short funds, to lower the risk of market fluctuations, with the negative maximum drawdown as the reward function. Additionally, the model involves a unit to evaluate individual assets, which learns dynamic patterns from historical data with the price rising rate as the reward function. Both temporal and spatial dependencies between assets are captured hierarchically by a specific type of graph structure. Particularly, we find that the estimated causal structure best captures the interrelationships between assets, compared to industry classification and correlation. The two units are complementary and integrated to generate a suitable portfolio which fits the market trend well and strikes a balance between return and risk effectively. Experiments on three well-known stock indexes demonstrate the superiority of DeepTrader in terms of risk-gain criteria.",rl_finance,119,openalex,True,supporting,,2026-04-10T17:32:21.127577+00:00
P0030,Deep reinforcement learning for portfolio management of markets with a dynamic number of assets,Carlos Betancourt; Wenhui Chen,2020,Expert Systems with Applications,10.1016/j.eswa.2020.114002,https://doi.org/10.1016/j.eswa.2020.114002,,"BETANCOURT, Carlos et al.. Deep reinforcement learning for portfolio management of markets with a dynamic number of assets. Expert Systems with Applications, 2020.",Betancourt2020,"@article{Betancourt2020,   title = {{Deep reinforcement learning for portfolio management of markets with a dynamic number of assets}},   author = {Carlos Betancourt and Wenhui Chen},   year = {2020},   journal = {Expert Systems with Applications},   doi = {10.1016/j.eswa.2020.114002}, } ",,rl_finance,75,openalex,True,supporting,,2026-04-10T17:32:21.127577+00:00
P0031,Adversarial Deep Reinforcement Learning in Portfolio Management,Zhipeng Liang; Hao Chen; Junhao Zhu; Kangkang Jiang; Yanran Li,2018,arXiv (Cornell University),10.48550/arxiv.1808.09940,https://doi.org/10.48550/arxiv.1808.09940,https://arxiv.org/pdf/1808.09940,"LIANG, Zhipeng et al.. Adversarial Deep Reinforcement Learning in Portfolio Management. arXiv (Cornell University), 2018.",Liang2018,"@article{Liang2018,   title = {{Adversarial Deep Reinforcement Learning in Portfolio Management}},   author = {Zhipeng Liang and Hao Chen and Junhao Zhu and Kangkang Jiang and Yanran Li},   year = {2018},   journal = {arXiv (Cornell University)},   doi = {10.48550/arxiv.1808.09940},   abstract = {In this paper, we implement three state-of-art continuous reinforcement learning algorithms, Deep Deterministic Policy Gradient (DDPG), Proximal Policy Optimization (PPO) and Policy Gradient (PG)in portfolio management. All of them are widely-used in game playing and robot control. What's more, PPO has appealing theoretical propeties which is hopefully potential in portfolio management. We present}, } ","In this paper, we implement three state-of-art continuous reinforcement learning algorithms, Deep Deterministic Policy Gradient (DDPG), Proximal Policy Optimization (PPO) and Policy Gradient (PG)in portfolio management. All of them are widely-used in game playing and robot control. What's more, PPO has appealing theoretical propeties which is hopefully potential in portfolio management. We present the performances of them under different settings, including different learning rates, objective functions, feature combinations, in order to provide insights for parameters tuning, features selection and data preparation. We also conduct intensive experiments in China Stock market and show that PG is more desirable in financial market than DDPG and PPO, although both of them are more advanced. What's more, we propose a so called Adversarial Training method and show that it can greatly improve the training efficiency and significantly promote average daily return and sharpe ratio in back test. Based on this new modification, our experiments results show that our agent based on Policy Gradient can outperform UCRP.",rl_finance,57,openalex,False,supporting,,2026-04-10T17:32:21.127577+00:00
P0032,Deep Reinforcement Learning for Optimizing Finance Portfolio Management,Yuh-Jong Hu; Shang-Jen Lin,2019,2019 Amity International Conference on Artificial Intelligence (AICAI),10.1109/aicai.2019.8701368,https://doi.org/10.1109/aicai.2019.8701368,,"HU, Yuh-Jong et al.. Deep Reinforcement Learning for Optimizing Finance Portfolio Management. 2019 Amity International Conference on Artificial Intelligence (AICAI), 2019.",Hu2019,"@article{Hu2019,   title = {{Deep Reinforcement Learning for Optimizing Finance Portfolio Management}},   author = {Yuh-Jong Hu and Shang-Jen Lin},   year = {2019},   journal = {2019 Amity International Conference on Artificial Intelligence (AICAI)},   doi = {10.1109/aicai.2019.8701368},   abstract = {Deep reinforcement learning (DRL) is an emerging artificial intelligence (AI) research field which combines deep learning (DL) for policy optimization and reinforcement learning (RL) for goal-oriented self-learning without human intervention. We address major research issues of policy optimization for finance portfolio management. First, we explore one of the deep recurrent neural network (RNN) mo}, } ","Deep reinforcement learning (DRL) is an emerging artificial intelligence (AI) research field which combines deep learning (DL) for policy optimization and reinforcement learning (RL) for goal-oriented self-learning without human intervention. We address major research issues of policy optimization for finance portfolio management. First, we explore one of the deep recurrent neural network (RNN) models, GRUs, to decide the influences of earlier states and actions on policy optimization in non-Markov decision processes. Then, we craft for a viable risk-adjusted reward function to evaluate the expected total rewards for policy. Third, we empower the integration of RL and DL to leverage their respective capabilities to discover an optimal policy. Fourth, we investigate each type of RL approaches for integrating with the DL method while solving the policy optimization problem.",rl_finance,60,openalex,True,supporting,,2026-04-10T17:32:21.127577+00:00
P0033,MTS: A deep reinforcement learning portfolio management framework with time-awareness and short-selling,Fengchen Gu; Zhengyong Jiang; Ángel F. García-Fernández; Angelos Stefanidis; Jionglong Su; Huakang Li,2026,Intelligent Data Analysis,10.1177/1088467x261416593,https://doi.org/10.1177/1088467x261416593,,"GU, Fengchen et al.. MTS: A deep reinforcement learning portfolio management framework with time-awareness and short-selling. Intelligent Data Analysis, 2026.",Gu2026,"@article{Gu2026,   title = {{MTS: A deep reinforcement learning portfolio management framework with time-awareness and short-selling}},   author = {Fengchen Gu and Zhengyong Jiang and Ángel F. García-Fernández and Angelos Stefanidis and Jionglong Su and Huakang Li},   year = {2026},   journal = {Intelligent Data Analysis},   doi = {10.1177/1088467x261416593},   abstract = {Portfolio management remains a crucial challenge in finance, with traditional methods often falling short in complex and volatile market environments. While deep reinforcement approaches have shown promise, they still face limitations in dynamic risk management, exploitation of temporal markets, and incorporation of complex trading strategies such as short-selling. These limitations can lead to su}, } ","Portfolio management remains a crucial challenge in finance, with traditional methods often falling short in complex and volatile market environments. While deep reinforcement approaches have shown promise, they still face limitations in dynamic risk management, exploitation of temporal markets, and incorporation of complex trading strategies such as short-selling. These limitations can lead to suboptimal portfolio performance, increased vulnerability to market volatility, and missed opportunities in capturing potential returns from diverse market conditions. This paper introduces a Deep Reinforcement Learning Portfolio Management Framework with Time-Awareness and Short-Selling (MTS), offering a robust and adaptive strategy for sustainable investment performance. This framework utilizes a novel encoder-attention mechanism to address the limitations by incorporating temporal market characteristics, a parallel strategy for automated short-selling based on market trends, and risk management through innovative Incremental Conditional Value at Risk, enhancing adaptability and performance. Experimental validation on five diverse datasets from 2019 to 2023 demonstrates MTS’s superiority over traditional algorithms and advanced machine learning techniques. MTS consistently achieves higher cumulative returns, Sharpe, Omega, and Sortino ratios, underscoring its effectiveness in balancing risk and return while adapting to market dynamics. MTS demonstrates an average relative increase of 30.67 <mml:math xmlns:mml=""http://www.w3.org/1998/Math/MathML"" display=""inline"" overflow=""scroll""> <mml:mi mathvariant=""normal"">%</mml:mi> </mml:math> in cumulative returns and 29.33 <mml:math xmlns:mml=""http://www.w3.org/1998/Math/MathML"" display=""inline"" overflow=""scroll""> <mml:mi mathvariant=""normal"">%</mml:mi> </mml:math> in Sharpe ratio compared to the next best-performing strategies across various datasets.",rl_finance,4,openalex,True,supporting,,2026-04-10T17:32:21.127577+00:00
P0034,Multiagent-based deep reinforcement learning for risk-shifting portfolio management,Yu-Cen Lin; Chiao-Ting Chen; Chuan-Yun Sang; Szu-Hao Huang,2022,Applied Soft Computing,10.1016/j.asoc.2022.108894,https://doi.org/10.1016/j.asoc.2022.108894,,"LIN, Yu-Cen et al.. Multiagent-based deep reinforcement learning for risk-shifting portfolio management. Applied Soft Computing, 2022.",Lin2022,"@article{Lin2022,   title = {{Multiagent-based deep reinforcement learning for risk-shifting portfolio management}},   author = {Yu-Cen Lin and Chiao-Ting Chen and Chuan-Yun Sang and Szu-Hao Huang},   year = {2022},   journal = {Applied Soft Computing},   doi = {10.1016/j.asoc.2022.108894}, } ",,rl_finance,40,openalex,True,supporting,,2026-04-10T17:32:21.127577+00:00
P0035,Adaptive stock trading with dynamic asset allocation using reinforcement learning,O Jangmin; Jongwoo Lee; Jae Wook Lee; Byoung‐Tak Zhang,2005,Information Sciences,10.1016/j.ins.2005.10.009,https://doi.org/10.1016/j.ins.2005.10.009,,"JANGMIN, O et al.. Adaptive stock trading with dynamic asset allocation using reinforcement learning. Information Sciences, 2005.",Jangmin2005,"@article{Jangmin2005,   title = {{Adaptive stock trading with dynamic asset allocation using reinforcement learning}},   author = {O Jangmin and Jongwoo Lee and Jae Wook Lee and Byoung‐Tak Zhang},   year = {2005},   journal = {Information Sciences},   doi = {10.1016/j.ins.2005.10.009}, } ",,rl_finance,82,openalex,True,supporting,,2026-04-10T17:32:21.127577+00:00
P0036,Variance-Penalized Reinforcement Learning for Risk-Averse Asset Allocation,Makoto Sato; Shigenobu Kobayashi,2000,Lecture notes in computer science,10.1007/3-540-44491-2_34,https://doi.org/10.1007/3-540-44491-2_34,,"SATO, Makoto et al.. Variance-Penalized Reinforcement Learning for Risk-Averse Asset Allocation. Lecture notes in computer science, 2000.",Sato2000,"@article{Sato2000,   title = {{Variance-Penalized Reinforcement Learning for Risk-Averse Asset Allocation}},   author = {Makoto Sato and Shigenobu Kobayashi},   year = {2000},   journal = {Lecture notes in computer science},   doi = {10.1007/3-540-44491-2_34}, } ",,rl_finance,17,openalex,True,supporting,,2026-04-10T17:32:21.127577+00:00
P0037,Dynamic Asset Allocation Exploiting Predictors in Reinforcement Learning Framework,O Jangmin; Jae Won Lee; Jongwoo Lee; Byoung‐Tak Zhang,2004,Lecture notes in computer science,10.1007/978-3-540-30115-8_29,https://doi.org/10.1007/978-3-540-30115-8_29,,"JANGMIN, O et al.. Dynamic Asset Allocation Exploiting Predictors in Reinforcement Learning Framework. Lecture notes in computer science, 2004.",Jangmin2004,"@article{Jangmin2004,   title = {{Dynamic Asset Allocation Exploiting Predictors in Reinforcement Learning Framework}},   author = {O Jangmin and Jae Won Lee and Jongwoo Lee and Byoung‐Tak Zhang},   year = {2004},   journal = {Lecture notes in computer science},   doi = {10.1007/978-3-540-30115-8_29}, } ",,rl_finance,11,openalex,True,supporting,,2026-04-10T17:32:21.127577+00:00
P0038,Asset Allocation: From Markowitz to Deep Reinforcement Learning,Ricard Durall,2022,SSRN Electronic Journal,10.2139/ssrn.4148379,https://doi.org/10.2139/ssrn.4148379,https://papers.ssrn.com/sol3/Delivery.cfm?abstractid=4148379,"DURALL, Ricard. Asset Allocation: From Markowitz to Deep Reinforcement Learning. SSRN Electronic Journal, 2022.",Durall2022,"@article{Durall2022,   title = {{Asset Allocation: From Markowitz to Deep Reinforcement Learning}},   author = {Ricard Durall},   year = {2022},   journal = {SSRN Electronic Journal},   doi = {10.2139/ssrn.4148379}, } ",,rl_finance,9,openalex,True,supporting,,2026-04-10T17:32:21.127577+00:00
P0039,Learning to trade via direct reinforcement,John Moody; Matthew Saffell,2001,IEEE Transactions on Neural Networks,10.1109/72.935097,https://doi.org/10.1109/72.935097,,"MOODY, John et al.. Learning to trade via direct reinforcement. IEEE Transactions on Neural Networks, 2001.",Moody2001,"@article{Moody2001,   title = {{Learning to trade via direct reinforcement}},   author = {John Moody and Matthew Saffell},   year = {2001},   journal = {IEEE Transactions on Neural Networks},   doi = {10.1109/72.935097},   abstract = {We present methods for optimizing portfolios, asset allocations, and trading systems based on direct reinforcement (DR). In this approach, investment decision-making is viewed as a stochastic control problem, and strategies are discovered directly. We present an adaptive algorithm called recurrent reinforcement learning (RRL) for discovering investment policies. The need to build forecasting model}, } ","We present methods for optimizing portfolios, asset allocations, and trading systems based on direct reinforcement (DR). In this approach, investment decision-making is viewed as a stochastic control problem, and strategies are discovered directly. We present an adaptive algorithm called recurrent reinforcement learning (RRL) for discovering investment policies. The need to build forecasting models is eliminated, and better trading performance is obtained. The direct reinforcement approach differs from dynamic programming and reinforcement algorithms such as TD-learning and Q-learning, which attempt to estimate a value function for the control problem. We find that the RRL direct reinforcement framework enables a simpler problem representation, avoids Bellman's curse of dimensionality and offers compelling advantages in efficiency. We demonstrate how direct reinforcement can be used to optimize risk-adjusted investment returns (including the differential Sharpe ratio), while accounting for the effects of transaction costs. In extensive simulation work using real financial data, we find that our approach based on RRL produces better trading strategies than systems utilizing Q-learning (a value function method). Real-world applications include an intra-daily currency trader and a monthly asset allocation system for the S&P 500 Stock Index and T-Bills.",rl_finance,497,openalex,True,supporting,,2026-04-10T17:32:21.127577+00:00
P0040,Reward Adjustment Reinforcement Learning for Risk-averse Asset Allocation,Jian Li; Laiwan Chan,2006,The 2006 IEEE International Joint Conference on Neural Network Proceedings,10.1109/ijcnn.2006.246728,https://doi.org/10.1109/ijcnn.2006.246728,,"LI, Jian et al.. Reward Adjustment Reinforcement Learning for Risk-averse Asset Allocation. The 2006 IEEE International Joint Conference on Neural Network Proceedings, 2006.",Li2006,"@article{Li2006,   title = {{Reward Adjustment Reinforcement Learning for Risk-averse Asset Allocation}},   author = {Jian Li and Laiwan Chan},   year = {2006},   journal = {The 2006 IEEE International Joint Conference on Neural Network Proceedings},   doi = {10.1109/ijcnn.2006.246728},   abstract = {Over the past decade, application of reinforcement learning (RL) in asset allocation and portfolio management has attracted much attention. However, most classical RL algorithms do not take risk into account, which may lead to treacherous trading decisions. In this paper, we propose a risk-averse RL method, named reward adjustment reinforcement learning. Our method incorporates risk to the classic}, } ","Over the past decade, application of reinforcement learning (RL) in asset allocation and portfolio management has attracted much attention. However, most classical RL algorithms do not take risk into account, which may lead to treacherous trading decisions. In this paper, we propose a risk-averse RL method, named reward adjustment reinforcement learning. Our method incorporates risk to the classical RL framework by adjusting the reward with a risk penalty obtained from the GARCH model. This approach is generally easy in implementation and analysis when compared with other risk-averse models. Analysis is given to reveal the connection between our method and existing risk-averse RL methods. Experiment results on artificial data and real data in Hong Kong stock market are provided to compare the performances of our method and risk-sensitive RL algorithm and to illustrate the superiority of our method on generalization performance.",rl_finance,10,openalex,True,supporting,,2026-04-10T17:32:21.127577+00:00
P0041,Strategic asset allocation and market timing: a reinforcement learning approach,Thorsten Hens; Peter Wöhrmann,2007,Computational Economics,10.1007/s10614-006-9064-0,https://doi.org/10.1007/s10614-006-9064-0,,"HENS, Thorsten et al.. Strategic asset allocation and market timing: a reinforcement learning approach. Computational Economics, 2007.",Hens2007,"@article{Hens2007,   title = {{Strategic asset allocation and market timing: a reinforcement learning approach}},   author = {Thorsten Hens and Peter Wöhrmann},   year = {2007},   journal = {Computational Economics},   doi = {10.1007/s10614-006-9064-0}, } ",,rl_finance,9,openalex,True,supporting,,2026-04-10T17:32:21.127577+00:00
P0042,Safety AARL: Weight adjustment for reinforcement-learning-based safety dynamic asset allocation strategies,Da‐Woon Jeong; Seong Joon Yoo; Yeong Hyeon Gu,2023,Expert Systems with Applications,10.1016/j.eswa.2023.120297,https://doi.org/10.1016/j.eswa.2023.120297,,"JEONG, Da‐Woon et al.. Safety AARL: Weight adjustment for reinforcement-learning-based safety dynamic asset allocation strategies. Expert Systems with Applications, 2023.",Jeong2023,"@article{Jeong2023,   title = {{Safety AARL: Weight adjustment for reinforcement-learning-based safety dynamic asset allocation strategies}},   author = {Da‐Woon Jeong and Seong Joon Yoo and Yeong Hyeon Gu},   year = {2023},   journal = {Expert Systems with Applications},   doi = {10.1016/j.eswa.2023.120297},   abstract = {Dynamic asset allocation involves adjusting asset weights based on performance to reduce risks according to market conditions. This paper proposes a novel framework called safety asset allocation reinforcement learning (AARL), which combines multiple protective dynamic asset allocation strategies (PDAS) to minimize risks through reinforcement learning (RL). The framework integrates eight validated}, } ","Dynamic asset allocation involves adjusting asset weights based on performance to reduce risks according to market conditions. This paper proposes a novel framework called safety asset allocation reinforcement learning (AARL), which combines multiple protective dynamic asset allocation strategies (PDAS) to minimize risks through reinforcement learning (RL). The framework integrates eight validated PDAS that maintain their unique characteristics. To implement the proposed framework, a novel RL environment and agent were developed to invest in PDAS using three high-probability actions. The agent receives state and reward information from the environment and is trained using the proximal policy optimization algorithm to output weights for investing. The actions are PDAS, which facilitates for diversified investments and the learning of various combinations that are suitable for market conditions. Three experiments were conducted to verify the effectiveness of the proposed Safety AARL framework. The first experiment demonstrates the validity of adjusting weights using the framework. The second experiment demonstrates that the framework outperforms existing techniques during global market decline. The third experiment demonstrates that risk is minimized, outperforming the latest methods for asset allocation. Overall, the results demonstrate that the Safety AARL framework outperforms existing techniques by minimizing risks and maintaining stable returns by combining the advantages of multiple PDAS.",rl_finance,12,openalex,True,supporting,,2026-04-10T17:32:21.127577+00:00
P0043,The Use of Deep Reinforcement Learning in Tactical Asset Allocation,Musonda Katongo; Ritabrata Bhattacharyya,2021,SSRN Electronic Journal,10.2139/ssrn.3812609,https://doi.org/10.2139/ssrn.3812609,,"KATONGO, Musonda et al.. The Use of Deep Reinforcement Learning in Tactical Asset Allocation. SSRN Electronic Journal, 2021.",Katongo2021,"@article{Katongo2021,   title = {{The Use of Deep Reinforcement Learning in Tactical Asset Allocation}},   author = {Musonda Katongo and Ritabrata Bhattacharyya},   year = {2021},   journal = {SSRN Electronic Journal},   doi = {10.2139/ssrn.3812609}, } ",,rl_finance,6,openalex,True,supporting,,2026-04-10T17:32:21.127577+00:00
P0044,Dynamic Portfolio Optimization via Augmented DDPG with Quantum Price Levels-Based Trading Strategy,Run-Sheng Lin; Zihan Xing; Mingze Ma; Raymond Lee,2023,2023 International Joint Conference on Neural Networks (IJCNN),10.1109/ijcnn54540.2023.10191785,https://doi.org/10.1109/ijcnn54540.2023.10191785,https://arxiv.org/pdf/2501.08528,"LIN, Run-Sheng et al.. Dynamic Portfolio Optimization via Augmented DDPG with Quantum Price Levels-Based Trading Strategy. 2023 International Joint Conference on Neural Networks (IJCNN), 2023.",Lin2023,"@article{Lin2023,   title = {{Dynamic Portfolio Optimization via Augmented DDPG with Quantum Price Levels-Based Trading Strategy}},   author = {Run-Sheng Lin and Zihan Xing and Mingze Ma and Raymond Lee},   year = {2023},   journal = {2023 International Joint Conference on Neural Networks (IJCNN)},   doi = {10.1109/ijcnn54540.2023.10191785},   abstract = {With the development of deep learning, Dynamic Portfolio Optimization (DPO) problem has received a lot of attention in recent years, not only in the field of finance but also in the field of deep learning. Some advanced research in recent years has proposed the application of Deep Reinforcement Learning (DRL) to the DPO problem, which demonstrated to be more advantageous than supervised learning i}, } ","With the development of deep learning, Dynamic Portfolio Optimization (DPO) problem has received a lot of attention in recent years, not only in the field of finance but also in the field of deep learning. Some advanced research in recent years has proposed the application of Deep Reinforcement Learning (DRL) to the DPO problem, which demonstrated to be more advantageous than supervised learning in solving the DPO problem. However, there are still certain unsolved issues: 1) DRL algorithms usually have the problems of slow learning speed and high sample complexity, which is especially problematic when dealing with complex financial data. 2) researchers use DRL simply for the purpose of obtaining high returns, but pay little attention to the problem of risk control and trading strategy, which will affect the stability of model returns. In order to address these issues, in this study we revamped the intrinsic structure of the model based on the Deep Deterministic Policy Gradient (DDPG) and proposed the Augmented DDPG model. Besides, we also proposed an innovative risk control strategy based on Quantum Price Levels (QPLs) derived from Quantum Finance Theory (QFT). Our experimental results revealed that our model has better profitability as well as risk control ability with less sample complexity in the DPO problem compared to the baseline models.",rl_finance,4,openalex,True,supporting,,2026-04-10T17:32:21.127577+00:00
P0045,Deep reinforcement learning for automated stock trading,Hongyang Yang; Xiao-Yang Liu; Shan Zhong; Anwar Walid,2020,Proceedings of the First ACM International Conference on AI in Finance,10.1145/3383455.3422540,https://doi.org/10.1145/3383455.3422540,,"YANG, Hongyang et al.. Deep reinforcement learning for automated stock trading. Proceedings of the First ACM International Conference on AI in Finance, 2020.",Yang2020,"@article{Yang2020,   title = {{Deep reinforcement learning for automated stock trading}},   author = {Hongyang Yang and Xiao-Yang Liu and Shan Zhong and Anwar Walid},   year = {2020},   journal = {Proceedings of the First ACM International Conference on AI in Finance},   doi = {10.1145/3383455.3422540},   abstract = {Stock trading strategies play a critical role in investment. However, it is challenging to design a profitable strategy in a complex and dynamic stock market. In this paper, we propose an ensemble strategy that employs deep reinforcement schemes to learn a stock trading strategy by maximizing investment return. We train a deep reinforcement learning agent and obtain an ensemble trading strategy us}, } ","Stock trading strategies play a critical role in investment. However, it is challenging to design a profitable strategy in a complex and dynamic stock market. In this paper, we propose an ensemble strategy that employs deep reinforcement schemes to learn a stock trading strategy by maximizing investment return. We train a deep reinforcement learning agent and obtain an ensemble trading strategy using three actor-critic based algorithms: Proximal Policy Optimization (PPO), Advantage Actor Critic (A2C), and Deep Deterministic Policy Gradient (DDPG). The ensemble strategy inherits and integrates the best features of the three algorithms, thereby robustly adjusting to different market situations. In order to avoid the large memory consumption in training networks with continuous action space, we employ a load-on-demand technique for processing very large data. We test our algorithms on the 30 Dow Jones stocks that have adequate liquidity. The performance of the trading agent with different reinforcement learning algorithms is evaluated and compared with both the Dow Jones Industrial Average index and the traditional min-variance portfolio allocation strategy. The proposed deep ensemble strategy is shown to outperform the three individual algorithms and two baselines in terms of the risk-adjusted return measured by the Sharpe ratio.",rl_finance,166,openalex,True,supporting,,2026-04-10T17:32:21.127577+00:00
P0046,Deep Reinforcement Learning for Automated Stock Trading: An Ensemble Strategy,Hongyang Yang; Xiao-Yang Liu; Shan Zhong; Anwar Walid,2020,SSRN Electronic Journal,10.2139/ssrn.3690996,https://doi.org/10.2139/ssrn.3690996,,"YANG, Hongyang et al.. Deep Reinforcement Learning for Automated Stock Trading: An Ensemble Strategy. SSRN Electronic Journal, 2020.",Yang2020a,"@article{Yang2020a,   title = {{Deep Reinforcement Learning for Automated Stock Trading: An Ensemble Strategy}},   author = {Hongyang Yang and Xiao-Yang Liu and Shan Zhong and Anwar Walid},   year = {2020},   journal = {SSRN Electronic Journal},   doi = {10.2139/ssrn.3690996}, } ",,rl_finance,100,openalex,True,supporting,,2026-04-10T17:32:21.127577+00:00
P0047,Deep Reinforcement Learning in Portfolio Management,Zhipeng Liang; Kangkang Jiang; Hao Chen; Junhao Zhu; Yanran Li,2018,arXiv (Cornell University),,,,"LIANG, Zhipeng et al.. Deep Reinforcement Learning in Portfolio Management. arXiv (Cornell University), 2018.",Liang2018a,"@article{Liang2018a,   title = {{Deep Reinforcement Learning in Portfolio Management}},   author = {Zhipeng Liang and Kangkang Jiang and Hao Chen and Junhao Zhu and Yanran Li},   year = {2018},   journal = {arXiv (Cornell University)},   abstract = {In this paper, we implement two state-of-art continuous reinforcement learning algorithms, Deep Deterministic Policy Gradient (DDPG) and Proximal Policy Optimization (PPO) in portfolio management. Both of them are widely-used in game playing and robot control. What's more, PPO has appealing theoretical propeties which is hopefully potential in portfolio management. We present the performances of t}, } ","In this paper, we implement two state-of-art continuous reinforcement learning algorithms, Deep Deterministic Policy Gradient (DDPG) and Proximal Policy Optimization (PPO) in portfolio management. Both of them are widely-used in game playing and robot control. What's more, PPO has appealing theoretical propeties which is hopefully potential in portfolio management. We present the performances of them under different settings, including different learning rate, objective function, markets, feature combinations, in order to provide insights for parameter tuning, features selection and data preparation.",rl_finance,23,openalex,False,supporting,,2026-04-10T17:32:21.127577+00:00
P0048,A taxonomy of literature reviews and experimental study of deepreinforcement learning in portfolio management,Mohadese Rezaei; Hossein Nezamabadi–pour,2025,Artificial Intelligence Review,10.1007/s10462-024-11066-w,https://doi.org/10.1007/s10462-024-11066-w,https://link.springer.com/content/pdf/10.1007/s10462-024-11066-w.pdf,"REZAEI, Mohadese et al.. A taxonomy of literature reviews and experimental study of deepreinforcement learning in portfolio management. Artificial Intelligence Review, 2025.",Rezaei2025,"@article{Rezaei2025,   title = {{A taxonomy of literature reviews and experimental study of deepreinforcement learning in portfolio management}},   author = {Mohadese Rezaei and Hossein Nezamabadi–pour},   year = {2025},   journal = {Artificial Intelligence Review},   doi = {10.1007/s10462-024-11066-w},   abstract = {Abstract Portfolio management involves choosing and actively overseeing various investment assets to meet an investor’s long-term financial goals, considering their risk tolerance and desired return potential. Traditional methods, like mean–variance analysis, often lack the flexibility needed to navigate the complexities of today’s financial markets. Recently, Deep Reinforcement Learning (DRL) has}, } ","Abstract Portfolio management involves choosing and actively overseeing various investment assets to meet an investor’s long-term financial goals, considering their risk tolerance and desired return potential. Traditional methods, like mean–variance analysis, often lack the flexibility needed to navigate the complexities of today’s financial markets. Recently, Deep Reinforcement Learning (DRL) has emerged as a promising approach, enabling continuous adjustments to investment strategies based on market feedback without explicit price predictions. This paper presents a comprehensive literature review of DRL applications in portfolio management, aimed at finance researchers, data scientists, AI experts, FinTech engineers, and students seeking advanced portfolio optimization methodologies. We also conducted an experimental study to evaluate five DRL algorithms—Advantage Actor-Critic (A2C), Deep Deterministic Policy Gradient (DDPG), Proximal Policy Optimization (PPO), Soft Actor-Critic (SAC), and Twin Delayed DDPG (TD3)—in managing a portfolio of 30 Dow Jones Industrial Average (DJIA) stocks. Their performance is compared with the DJIA index and traditional strategies, demonstrating DRL’s potential to improve portfolio outcomes while effectively managing risk.",rl_finance,11,openalex,True,supporting,,2026-04-10T17:32:21.127577+00:00
P0049,What is the value of the cross-sectional approach to deep reinforcement learning?,Amine Mohamed Aboussalah; Ziyun Xu; Chi-Guhn Lee,2021,Quantitative Finance,10.1080/14697688.2021.2001032,https://doi.org/10.1080/14697688.2021.2001032,,"ABOUSSALAH, Amine Mohamed et al.. What is the value of the cross-sectional approach to deep reinforcement learning?. Quantitative Finance, 2021.",Aboussalah2021,"@article{Aboussalah2021,   title = {{What is the value of the cross-sectional approach to deep reinforcement learning?}},   author = {Amine Mohamed Aboussalah and Ziyun Xu and Chi-Guhn Lee},   year = {2021},   journal = {Quantitative Finance},   doi = {10.1080/14697688.2021.2001032},   abstract = {Reinforcement learning (RL) for dynamic asset allocation is an emerging field of study. Total return, the common performance metric, is useful for comparing algorithms but does not help us determine how close an RL algorithm is to an optimal solution. In real-world financial applications, a bad decision could prove to be fatal. One of the key ideas of our work is to combine the two paradigms of th}, } ","Reinforcement learning (RL) for dynamic asset allocation is an emerging field of study. Total return, the common performance metric, is useful for comparing algorithms but does not help us determine how close an RL algorithm is to an optimal solution. In real-world financial applications, a bad decision could prove to be fatal. One of the key ideas of our work is to combine the two paradigms of the mean-variance optimization approach (Markowitz criteria) and the optimal capital growth approach (Kelly criteria) via the actor-critic approach. By using an actor-critic approach, we can balance optimization of risk and growth by configuring the actor to optimize the mean-variance while the critic is configured to maximize growth. We propose a Geometric Policy Score used by the critic to assess the quality of the actions taken by the actor. This could allow portfolio manager practitioners to better understand the investment RL policy. We present an extensive and in-depth study of RL algorithms for use in portfolio management (PM). We studied eight published policy-based RL algorithms which are preferred over value-based RL because they are better suited for continuous action spaces and are considered to be state of the art, Deterministic Policy Gradient (DPG), Stochastic Policy Gradients (SPG), Deep Deterministic Policy Gradient (DDPG), Trust Region Policy Optimization (TRPO), Proximal Policy Optimization (PPO), Twin Delayed Deep Deterministic Policy Gradient (TD3), Soft Actor Critic (SAC), and Evolution Strategies (ES) for Policy Optimization. We implemented all eight and we were able to modify all of them for PM but our initial testing determined that their performance was not satisfactory. Most algorithms showed difficulty converging during the training process due to the non-stationary and noisy nature of financial environments, along with other challenges. We selected the four most promising algorithms DPG, SPG, DDPG, PPO for further improvements. The modification of RL algorithms to finance required unconventional changes. We have developed a novel approach for encoding multi-type financial data in a way that is compatible with RL. We use a multi-channel convolutional neural network (CNN-RL) framework, where each channel corresponds to a specific type of data such as high-low-open-close prices and volumes. We also designed a reward function based on concepts such as alpha, beta, and diversification that are financially meaningful while still being learnable by RL. In addition, portfolio managers will typically use a blend of time series analysis and cross-sectional analysis before making a decision. We extend our approach to incorporate, for the first time, cross-sectional deep RL in addition to time series RL. Finally, we demonstrate the performance of the RL agents and benchmark them against commonly used passive and active trading strategies, such as the uniform buy-and-hold (UBAH) index and the dynamical multi-period Mean-Variance-Optimization (MVO) model.",rl_finance,26,openalex,True,supporting,,2026-04-10T17:32:21.127577+00:00
P0050,"A Systematic Approach to Portfolio Optimization: A Comparative Study of Reinforcement Learning Agents, Market Signals, and Investment Horizons",Francisco Espiga-Fernández; Álvaro García Sánchez; Joaquín Ordieres‐Meré,2024,Algorithms,10.3390/a17120570,https://doi.org/10.3390/a17120570,https://www.mdpi.com/1999-4893/17/12/570/pdf?version=1734064113,"ESPIGA-FERNÁNDEZ, Francisco et al.. A Systematic Approach to Portfolio Optimization: A Comparative Study of Reinforcement Learning Agents, Market Signals, and Investment Horizons. Algorithms, 2024.",EspigaFernndez2024,"@article{EspigaFernndez2024,   title = {{A Systematic Approach to Portfolio Optimization: A Comparative Study of Reinforcement Learning Agents, Market Signals, and Investment Horizons}},   author = {Francisco Espiga-Fernández and Álvaro García Sánchez and Joaquín Ordieres‐Meré},   year = {2024},   journal = {Algorithms},   doi = {10.3390/a17120570},   abstract = {This paper presents a systematic exploration of deep reinforcement learning (RL) for portfolio optimization and compares various agent architectures, such as the DQN, DDPG, PPO, and SAC. We evaluate these agents’ performance across multiple market signals, including OHLC price data and technical indicators, while incorporating different rebalancing frequencies and historical window lengths. This s}, } ","This paper presents a systematic exploration of deep reinforcement learning (RL) for portfolio optimization and compares various agent architectures, such as the DQN, DDPG, PPO, and SAC. We evaluate these agents’ performance across multiple market signals, including OHLC price data and technical indicators, while incorporating different rebalancing frequencies and historical window lengths. This study uses six major financial indices and a risk-free asset as the core instruments. Our results show that CNN-based feature extractors, particularly with longer lookback periods, significantly outperform MLP models, providing superior risk-adjusted returns. DQN and DDPG agents consistently surpass market benchmarks, such as the S&amp;P 500, in annualized returns. However, continuous rebalancing leads to higher transaction costs and slippage, making periodic rebalancing a more efficient approach to managing risk. This research offers valuable insights into the adaptability of RL agents to dynamic market conditions, proposing a robust framework for future advancements in financial machine learning.",rl_finance,14,openalex,True,supporting,,2026-04-10T17:32:21.127577+00:00
P0051,Hidden-layer configurations in reinforcement learning models for stock portfolio optimization,Patrick Kevin Aritonang; Sudarso Kaderi Wiryono; Taufik Faturohman,2024,Intelligent Systems with Applications,10.1016/j.iswa.2024.200467,https://doi.org/10.1016/j.iswa.2024.200467,,"ARITONANG, Patrick Kevin et al.. Hidden-layer configurations in reinforcement learning models for stock portfolio optimization. Intelligent Systems with Applications, 2024.",Aritonang2024,"@article{Aritonang2024,   title = {{Hidden-layer configurations in reinforcement learning models for stock portfolio optimization}},   author = {Patrick Kevin Aritonang and Sudarso Kaderi Wiryono and Taufik Faturohman},   year = {2024},   journal = {Intelligent Systems with Applications},   doi = {10.1016/j.iswa.2024.200467},   abstract = {• Evaluates effectiveness of hidden-layer configurations in reinforcement learning models. • Finds zero-layer configurations best for stability in A2C and DDPG models. • Identifies ideal complexity levels for Proximal Policy Optimization and TD3 algorithms. • Provides a reproducible framework for optimizing stock portfolios with reinforcement learning. In the rapidly evolving field of artificial i}, } ","• Evaluates effectiveness of hidden-layer configurations in reinforcement learning models. • Finds zero-layer configurations best for stability in A2C and DDPG models. • Identifies ideal complexity levels for Proximal Policy Optimization and TD3 algorithms. • Provides a reproducible framework for optimizing stock portfolios with reinforcement learning. In the rapidly evolving field of artificial intelligence and financial markets, efficient and adaptive portfolio management strategies are becoming increasingly critical. This study explores the impact of hidden-layer configurations in reinforcement learning models for stock portfolio optimization. Using a portfolio of 45 actively traded stocks in the Indonesian stock market, the performance of four reinforcement learning algorithms—Advantage Actor-Critic (A2C), Deep Deterministic Policy Gradient (DDPG), Proximal Policy Optimization (PPO), and Twin Delayed Deep Deterministic Policy Gradient (TD3)—is evaluated with zero, one, and two hidden layers. The results show that A2C and DDPG models perform effectively without hidden layers, with A2C achieving the highest Cumulative Return (CuR) and Annualized Return Rate (ARR) among all configurations. Adding hidden layers to A2C improved risk management, resulting in a lower Maximum Drawdown (MDD) and a higher Annualized Sharpe Ratio (ASR). DDPG exhibited consistently strong performance, with its zero hidden-layer model showing the highest ASR. Conversely, PPO underperformed across all configurations, with negative returns in the zero-layer setup and marginal improvements with added complexity. Introducing additional hidden layers improved TD3′s performance, enhancing risk-adjusted returns. These findings suggest that the effectiveness of hidden-layer configurations depends on the specific algorithm used. While A2C and DDPG benefit from increased complexity, simpler architectures may be more suitable for PPO and TD3. This study offers new insights into optimizing reinforcement learning models for stock portfolio management by adjusting hidden-layer structures to balance returns and risk.",rl_finance,9,openalex,True,supporting,,2026-04-10T17:32:21.127577+00:00
P0052,Risk aware portfolio construction using deep deterministic policy gradients,Shashank Hegde; Vishal Kumar; Atul Singh,2018,2018 IEEE Symposium Series on Computational Intelligence (SSCI),10.1109/ssci.2018.8628791,https://doi.org/10.1109/ssci.2018.8628791,,"HEGDE, Shashank et al.. Risk aware portfolio construction using deep deterministic policy gradients. 2018 IEEE Symposium Series on Computational Intelligence (SSCI), 2018.",Hegde2018,"@article{Hegde2018,   title = {{Risk aware portfolio construction using deep deterministic policy gradients}},   author = {Shashank Hegde and Vishal Kumar and Atul Singh},   year = {2018},   journal = {2018 IEEE Symposium Series on Computational Intelligence (SSCI)},   doi = {10.1109/ssci.2018.8628791},   abstract = {Allocation of liquid capital to the financial instruments in a portfolio is typically done using a two-step process. In the first step, predictive techniques are used to determine the future risk and rewards for the instrument. In the subsequent step, a quadratic optimization problem is solved to obtain the allocation that maximizes a relevant measure of the portfolio performance computed using a }, } ","Allocation of liquid capital to the financial instruments in a portfolio is typically done using a two-step process. In the first step, predictive techniques are used to determine the future risk and rewards for the instrument. In the subsequent step, a quadratic optimization problem is solved to obtain the allocation that maximizes a relevant measure of the portfolio performance computed using a combination of the risks and the rewards. Deep Reinforcement Learning (DRL) eliminates the need for a two step process to find the allocation across the instruments that will optimize a measure of portfolio performance obtained from the market. DRL based portfolio construction autonomously adjusts to a change in the environment unlike traditional machine learning algorithms used in prediction. The existing DRL methods suffer from the challenges of stability, and do not lend themselves well to the portfolio construction problem that has a continuous action space. Proposed in 2015, Deep Deterministic Policy Gradients (DDPG) is a type of actorcritic DRL algorithm that provides support for continuous action space which is encountered in portfolio construction. This paper evaluates the use of DDPG to solve the problem of risk aware portfolio construction. Simulations are done on a portfolio of twenty stocks and the use of both Rate of Return and Sortino ratio as a measure of portfolio performance are evaluated. Results are presented that demonstrate the effectiveness of DDPG for risk aware portfolio construction. The simulation results presented in this paper show that having a risk-aware measure of portfolio performance such as Sortino ratio give a portfolio with superior return and lower variance.",rl_finance,8,openalex,True,supporting,,2026-04-10T17:32:21.127577+00:00
P0053,Portfolio optimization with conditional value-at-risk objective and constraints,Pavlo A. Krokhmal; tanislav Uryasev; Jonas Palmquist,2001,The Journal of Risk,10.21314/jor.2002.057,https://doi.org/10.21314/jor.2002.057,,"KROKHMAL, Pavlo A. et al.. Portfolio optimization with conditional value-at-risk objective and constraints. The Journal of Risk, 2001.",Krokhmal2001,"@article{Krokhmal2001,   title = {{Portfolio optimization with conditional value-at-risk objective and constraints}},   author = {Pavlo A. Krokhmal and tanislav Uryasev and Jonas Palmquist},   year = {2001},   journal = {The Journal of Risk},   doi = {10.21314/jor.2002.057},   abstract = {Recently, a new approach for optimization of Conditional Value-at-Risk (CVaR) was suggested and tested with several applications. For continuous distributions, CVaR is defined as the expected loss exceeding Value-at Risk (VaR). However, generally, CVaR is the weighted average of VaR and losses exceeding VaR. Central to the approach is an optimization technique for calculating VaR and optimizing CV}, } ","Recently, a new approach for optimization of Conditional Value-at-Risk (CVaR) was suggested and tested with several applications. For continuous distributions, CVaR is defined as the expected loss exceeding Value-at Risk (VaR). However, generally, CVaR is the weighted average of VaR and losses exceeding VaR. Central to the approach is an optimization technique for calculating VaR and optimizing CVaR simultaneously. This paper extends this approach to the optimization problems with CVaR constraints. In particular, the approach can be used for maximizing expected returns under CVaR constraints. Multiple CVaR constraints with various confidence levels can be used to shape the profit/loss distribution. A case study for the portfolio of S&amp;amp;P 100 stocks is performed to demonstrate how the new optimization techniques can be implemented. 1",cvar_risk,771,openalex,True,supporting,,2026-04-10T17:32:21.127577+00:00
P0054,Conditional value at risk and related linear programming models for portfolio optimization,Renata Mansini; Włodzimierz Ogryczak; M. Grazia Speranza,2006,Annals of Operations Research,10.1007/s10479-006-0142-4,https://doi.org/10.1007/s10479-006-0142-4,,"MANSINI, Renata et al.. Conditional value at risk and related linear programming models for portfolio optimization. Annals of Operations Research, 2006.",Mansini2006,"@article{Mansini2006,   title = {{Conditional value at risk and related linear programming models for portfolio optimization}},   author = {Renata Mansini and Włodzimierz Ogryczak and M. Grazia Speranza},   year = {2006},   journal = {Annals of Operations Research},   doi = {10.1007/s10479-006-0142-4}, } ",,cvar_risk,218,openalex,True,supporting,,2026-04-10T17:32:21.127577+00:00
P0055,Robust optimization of conditional value at risk and portfolio selection,Anna Grazia Quaranta; Alberto Zaffaroni,2008,Journal of Banking & Finance,10.1016/j.jbankfin.2007.12.025,https://doi.org/10.1016/j.jbankfin.2007.12.025,,"QUARANTA, Anna Grazia et al.. Robust optimization of conditional value at risk and portfolio selection. Journal of Banking & Finance, 2008.",Quaranta2008,"@article{Quaranta2008,   title = {{Robust optimization of conditional value at risk and portfolio selection}},   author = {Anna Grazia Quaranta and Alberto Zaffaroni},   year = {2008},   journal = {Journal of Banking & Finance},   doi = {10.1016/j.jbankfin.2007.12.025}, } ",,cvar_risk,143,openalex,True,supporting,,2026-04-10T17:32:21.127577+00:00
P0056,Conditional value-at-risk in portfolio optimization: Coherent but fragile,Andrew E. B. Lim; J. George Shanthikumar; Gah‐Yi Vahn,2011,Operations Research Letters,10.1016/j.orl.2011.03.004,https://doi.org/10.1016/j.orl.2011.03.004,,"LIM, Andrew E. B. et al.. Conditional value-at-risk in portfolio optimization: Coherent but fragile. Operations Research Letters, 2011.",Lim2011,"@article{Lim2011,   title = {{Conditional value-at-risk in portfolio optimization: Coherent but fragile}},   author = {Andrew E. B. Lim and J. George Shanthikumar and Gah‐Yi Vahn},   year = {2011},   journal = {Operations Research Letters},   doi = {10.1016/j.orl.2011.03.004}, } ",,cvar_risk,141,openalex,True,supporting,,2026-04-10T17:32:21.127577+00:00
P0057,Optimization of conditional value-at-risk,R. T. Rockafellar; Stan Uryasev,2000,The Journal of Risk,10.21314/jor.2000.038,https://doi.org/10.21314/jor.2000.038,,"ROCKAFELLAR, R. T. et al.. Optimization of conditional value-at-risk. The Journal of Risk, 2000.",Rockafellar2000,"@article{Rockafellar2000,   title = {{Optimization of conditional value-at-risk}},   author = {R. T. Rockafellar and Stan Uryasev},   year = {2000},   journal = {The Journal of Risk},   doi = {10.21314/jor.2000.038},   abstract = {A new approach to optimizing or hedging a portfolio of financial instruments to reduce risk is presented and tested on applications. It focuses on minimizing Conditional Value-at-Risk (CVaR) rather than minimizing Value-at-Risk (VaR), but portfolios with low CVaR necessarily have low VaR as well. CVaR, also called Mean Excess Loss, Mean Shortfall, or Tail VaR, is anyway considered to be a more con}, } ","A new approach to optimizing or hedging a portfolio of financial instruments to reduce risk is presented and tested on applications. It focuses on minimizing Conditional Value-at-Risk (CVaR) rather than minimizing Value-at-Risk (VaR), but portfolios with low CVaR necessarily have low VaR as well. CVaR, also called Mean Excess Loss, Mean Shortfall, or Tail VaR, is anyway considered to be a more consistent measure of risk than VaR. Central to the new approach is a technique for portfolio optimization which calculates VaR and optimizes CVaR simultaneously. This technique is suitable for use by investment companies, brokerage firms, mutual funds, and any business that evaluates risks. It can be combined with analytical or scenario-based methods to optimize portfolios with large numbers of instruments, in which case the calculations often come down to linear programming or nonsmooth programming. The methodology can be applied also to the optimization of percentiles in contexts outside of finance.",cvar_risk,6337,openalex,True,supporting,,2026-04-10T17:32:21.127577+00:00
P0058,Portfolio optimization by minimizing conditional value-at-risk via nondifferentiable optimization,Churlzu Lim; Hanif D. Sherali; Stan Uryasev,2008,Computational Optimization and Applications,10.1007/s10589-008-9196-3,https://doi.org/10.1007/s10589-008-9196-3,,"LIM, Churlzu et al.. Portfolio optimization by minimizing conditional value-at-risk via nondifferentiable optimization. Computational Optimization and Applications, 2008.",Lim2008,"@article{Lim2008,   title = {{Portfolio optimization by minimizing conditional value-at-risk via nondifferentiable optimization}},   author = {Churlzu Lim and Hanif D. Sherali and Stan Uryasev},   year = {2008},   journal = {Computational Optimization and Applications},   doi = {10.1007/s10589-008-9196-3}, } ",,cvar_risk,74,openalex,True,supporting,,2026-04-10T17:32:21.127577+00:00
P0059,Robust Mean-Conditional Value at Risk Portfolio Optimization,Farzaneh Piri; Maziar Salahi; Farshid Mehrdoust,2014,International Journal of Economic Sciences,,,,"PIRI, Farzaneh et al.. Robust Mean-Conditional Value at Risk Portfolio Optimization. International Journal of Economic Sciences, 2014.",Piri2014,"@article{Piri2014,   title = {{Robust Mean-Conditional Value at Risk Portfolio Optimization}},   author = {Farzaneh Piri and Maziar Salahi and Farshid Mehrdoust},   year = {2014},   journal = {International Journal of Economic Sciences},   abstract = {In the portfolio optimization, the goal is to distribute the fixed capital on a set of investment opportunities to maximize return while managing risk. Risk and return are quantities that are used as input parameters for the optimal allocation of the capital in the suggested models. But these quantities are not known at the time of the formulation and solving the problem. Thus they should be estim}, } ","In the portfolio optimization, the goal is to distribute the fixed capital on a set of investment opportunities to maximize return while managing risk. Risk and return are quantities that are used as input parameters for the optimal allocation of the capital in the suggested models. But these quantities are not known at the time of the formulation and solving the problem. Thus they should be estimated to solve the problem which might lead to large error. One of the widely used approaches to deal with such a situation, is robust optimization. In this paper we study the robust models of the mean-Conditional Value at Risk (M-CVaR) portfolio selection problem under the estimation risk in mean return for both interval and ellipsoidal uncertainty sets. The corresponding robust models are a linear programming problem and a second order conic programming problem (SOCP) respectively. At end an example is given to demonstrate the impact of uncertainty.",cvar_risk,4,openalex,False,supporting,,2026-04-10T17:32:21.127577+00:00
P0060,Project portfolio selection and scheduling optimization based on risk measure: a conditional value at risk approach,Vijaya Dixit; Manoj Kumar Tiwari,2019,Annals of Operations Research,10.1007/s10479-019-03214-1,https://doi.org/10.1007/s10479-019-03214-1,,"DIXIT, Vijaya et al.. Project portfolio selection and scheduling optimization based on risk measure: a conditional value at risk approach. Annals of Operations Research, 2019.",Dixit2019,"@article{Dixit2019,   title = {{Project portfolio selection and scheduling optimization based on risk measure: a conditional value at risk approach}},   author = {Vijaya Dixit and Manoj Kumar Tiwari},   year = {2019},   journal = {Annals of Operations Research},   doi = {10.1007/s10479-019-03214-1}, } ",,cvar_risk,66,openalex,True,supporting,,2026-04-10T17:32:21.127577+00:00
P0061,On solving the dual for portfolio selection by optimizing Conditional Value at Risk,Włodzimierz Ogryczak; Tomasz Śliwiński,2010,Computational Optimization and Applications,10.1007/s10589-010-9321-y,https://doi.org/10.1007/s10589-010-9321-y,,"OGRYCZAK, Włodzimierz et al.. On solving the dual for portfolio selection by optimizing Conditional Value at Risk. Computational Optimization and Applications, 2010.",Ogryczak2010,"@article{Ogryczak2010,   title = {{On solving the dual for portfolio selection by optimizing Conditional Value at Risk}},   author = {Włodzimierz Ogryczak and Tomasz Śliwiński},   year = {2010},   journal = {Computational Optimization and Applications},   doi = {10.1007/s10589-010-9321-y}, } ",,cvar_risk,37,openalex,True,supporting,,2026-04-10T17:32:21.127577+00:00
P0062,Portfolio optimization with a copula-based extension of conditional value-at-risk,Adam Krzemienowski; Sylwia Szymczyk,2014,Annals of Operations Research,10.1007/s10479-014-1625-3,https://doi.org/10.1007/s10479-014-1625-3,https://link.springer.com/content/pdf/10.1007/s10479-014-1625-3.pdf,"KRZEMIENOWSKI, Adam et al.. Portfolio optimization with a copula-based extension of conditional value-at-risk. Annals of Operations Research, 2014.",Krzemienowski2014,"@article{Krzemienowski2014,   title = {{Portfolio optimization with a copula-based extension of conditional value-at-risk}},   author = {Adam Krzemienowski and Sylwia Szymczyk},   year = {2014},   journal = {Annals of Operations Research},   doi = {10.1007/s10479-014-1625-3},   abstract = {The paper presents a copula-based extension of Conditional Value-at-Risk and its application to portfolio optimization. Copula-based conditional value-at-risk (CCVaR) is a scalar risk measure for multivariate risks modeled by multivariate random variables. It is assumed that the univariate risk components are perfect substitutes, i.e., they are expressed in the same units. CCVaR is a quantile risk}, } ","The paper presents a copula-based extension of Conditional Value-at-Risk and its application to portfolio optimization. Copula-based conditional value-at-risk (CCVaR) is a scalar risk measure for multivariate risks modeled by multivariate random variables. It is assumed that the univariate risk components are perfect substitutes, i.e., they are expressed in the same units. CCVaR is a quantile risk measure that allows one to emphasize the consequences of more pessimistic scenarios. By changing the level of a quantile, the measure permits to parameterize prudent attitudes toward risk ranging from the extreme risk aversion to the risk neutrality. In terms of definition, CCVaR is slightly different from popular and well-researched CVaR. Nevertheless, this small difference allows one to efficiently solve CCVaR portfolio optimization problems based on the full information carried by a multivariate random variable by employing column generation algorithm.",cvar_risk,28,openalex,True,supporting,,2026-04-10T17:32:21.127577+00:00
P0063,Towards Safe Reinforcement Learning via Constraining Conditional Value-at-Risk,Chengyang Ying; Xinning Zhou; Hang Su; Dong Yan; Ning Chen; Jun Zhu,2022,Proceedings of the Thirty-First International Joint Conference on Artificial Intelligence,10.24963/ijcai.2022/510,https://doi.org/10.24963/ijcai.2022/510,https://www.ijcai.org/proceedings/2022/0510.pdf,"YING, Chengyang et al.. Towards Safe Reinforcement Learning via Constraining Conditional Value-at-Risk. Proceedings of the Thirty-First International Joint Conference on Artificial Intelligence, 2022.",Ying2022,"@article{Ying2022,   title = {{Towards Safe Reinforcement Learning via Constraining Conditional Value-at-Risk}},   author = {Chengyang Ying and Xinning Zhou and Hang Su and Dong Yan and Ning Chen and Jun Zhu},   year = {2022},   journal = {Proceedings of the Thirty-First International Joint Conference on Artificial Intelligence},   doi = {10.24963/ijcai.2022/510},   abstract = {Though deep reinforcement learning (DRL) has obtained substantial success, it may encounter catastrophic failures due to the intrinsic uncertainty of both transition and observation. Most of the existing methods for safe reinforcement learning can only handle transition disturbance or observation disturbance since these two kinds of disturbance affect different parts of the agent; besides, the pop}, } ","Though deep reinforcement learning (DRL) has obtained substantial success, it may encounter catastrophic failures due to the intrinsic uncertainty of both transition and observation. Most of the existing methods for safe reinforcement learning can only handle transition disturbance or observation disturbance since these two kinds of disturbance affect different parts of the agent; besides, the popular worst-case return may lead to overly pessimistic policies. To address these issues, we first theoretically prove that the performance degradation under transition disturbance and observation disturbance depends on a novel metric of Value Function Range (VFR), which corresponds to the gap in the value function between the best state and the worst state. Based on the analysis, we adopt conditional value-at-risk (CVaR) as an assessment of risk and propose a novel reinforcement learning algorithm of CVaR-Proximal-Policy-Optimization (CPPO) which formalizes the risk-sensitive constrained optimization problem by keeping its CVaR under a given threshold. Experimental results show that CPPO achieves a higher cumulative reward and is more robust against both observation and transition disturbances on a series of continuous control tasks in MuJoCo.",cvar_risk,23,openalex,True,supporting,,2026-04-10T17:32:21.127577+00:00
P0064,"Challenges of real-world reinforcement learning: definitions, benchmarks and analysis",Gabriel Dulac-Arnold; Nir Levine; Daniel J. Mankowitz; Jerry Li; Cosmin Păduraru; Sven Gowal; Todd Hester,2021,Machine Learning,10.1007/s10994-021-05961-4,https://doi.org/10.1007/s10994-021-05961-4,https://link.springer.com/content/pdf/10.1007/s10994-021-05961-4.pdf,"DULAC-ARNOLD, Gabriel et al.. Challenges of real-world reinforcement learning: definitions, benchmarks and analysis. Machine Learning, 2021.",DulacArnold2021,"@article{DulacArnold2021,   title = {{Challenges of real-world reinforcement learning: definitions, benchmarks and analysis}},   author = {Gabriel Dulac-Arnold and Nir Levine and Daniel J. Mankowitz and Jerry Li and Cosmin Păduraru and Sven Gowal and Todd Hester},   year = {2021},   journal = {Machine Learning},   doi = {10.1007/s10994-021-05961-4}, } ",,cvar_risk,545,openalex,True,supporting,,2026-04-10T17:32:21.127577+00:00
P0065,Noisy intermediate-scale quantum algorithms,Kishor Bharti; Alba Cervera-Lierta; Thi Ha Kyaw; Tobias Haug; Sumner Alperin-Lea; Abhinav Anand; Matthias Degroote; Hermanni Heimonen; Jakob S. Kottmann; Tim Menke; Wai‐Keong Mok; Sukin Sim; L. C. Kwek; Alán Aspuru‐Guzik,2022,Reviews of Modern Physics,10.1103/revmodphys.94.015004,https://doi.org/10.1103/revmodphys.94.015004,http://link.aps.org/pdf/10.1103/RevModPhys.94.015004,"BHARTI, Kishor et al.. Noisy intermediate-scale quantum algorithms. Reviews of Modern Physics, 2022.",Bharti2022,"@article{Bharti2022,   title = {{Noisy intermediate-scale quantum algorithms}},   author = {Kishor Bharti and Alba Cervera-Lierta and Thi Ha Kyaw and Tobias Haug and Sumner Alperin-Lea and Abhinav Anand and Matthias Degroote and Hermanni Heimonen and Jakob S. Kottmann and Tim Menke and Wai‐Keong Mok and Sukin Sim and L. C. Kwek and Alán Aspuru‐Guzik},   year = {2022},   journal = {Reviews of Modern Physics},   doi = {10.1103/revmodphys.94.015004},   abstract = {Noisy quantum computers can in principle perform reliable quantum computations, but truly scalable systems require noise levels lower than are presently achieved. Still, moderate-complexity computations can be performed. This review discusses what is possible in this ``noisy intermediate scale'' quantum (NISQ) era. Topic areas include the simulation of many-body physics and chemistry, combinatoria}, } ","Noisy quantum computers can in principle perform reliable quantum computations, but truly scalable systems require noise levels lower than are presently achieved. Still, moderate-complexity computations can be performed. This review discusses what is possible in this ``noisy intermediate scale'' quantum (NISQ) era. Topic areas include the simulation of many-body physics and chemistry, combinatorial optimization, and machine learning. It is evident that the NISQ era has produced new paradigms for programming that will be built upon as quantum computers are further perfected.",cvar_risk,1564,openalex,True,context,,2026-04-10T17:32:21.127577+00:00
P0066,Distributional Reinforcement Learning With Quantile Regression,Will Dabney; Mark Rowland; Marc G. Bellemare; Rémi Munos,2018,Proceedings of the AAAI Conference on Artificial Intelligence,10.1609/aaai.v32i1.11791,https://doi.org/10.1609/aaai.v32i1.11791,https://ojs.aaai.org/index.php/AAAI/article/download/11791/11650,"DABNEY, Will et al.. Distributional Reinforcement Learning With Quantile Regression. Proceedings of the AAAI Conference on Artificial Intelligence, 2018.",Dabney2018,"@article{Dabney2018,   title = {{Distributional Reinforcement Learning With Quantile Regression}},   author = {Will Dabney and Mark Rowland and Marc G. Bellemare and Rémi Munos},   year = {2018},   journal = {Proceedings of the AAAI Conference on Artificial Intelligence},   doi = {10.1609/aaai.v32i1.11791},   abstract = {In reinforcement learning (RL), an agent interacts with the environment by taking actions and observing the next state and reward. When sampled probabilistically, these state transitions, rewards, and actions can all induce randomness in the observed long-term return. Traditionally, reinforcement learning algorithms average over this randomness to estimate the value function. In this paper, we bui}, } ","In reinforcement learning (RL), an agent interacts with the environment by taking actions and observing the next state and reward. When sampled probabilistically, these state transitions, rewards, and actions can all induce randomness in the observed long-term return. Traditionally, reinforcement learning algorithms average over this randomness to estimate the value function. In this paper, we build on recent work advocating a distributional approach to reinforcement learning in which the distribution over returns is modeled explicitly instead of only estimating the mean. That is, we examine methods of learning the value distribution instead of the value function. We give results that close a number of gaps between the theoretical and algorithmic results given by Bellemare, Dabney, and Munos (2017). First, we extend existing results to the approximate distribution setting. Second, we present a novel distributional reinforcement learning algorithm consistent with our theoretical formulation. Finally, we evaluate this new algorithm on the Atari 2600 games, observing that it significantly outperforms many of the recent improvements on DQN, including the related distributional algorithm C51.",cvar_risk,489,openalex,True,supporting,,2026-04-10T17:32:21.127577+00:00
P0067,Offline reinforcement learning in high-dimensional stochastic environments,Félicien Hêche; Oussama Barakat; T. Desmettre; Tania Marx; Stephan Robert,2023,Neural Computing and Applications,10.1007/s00521-023-09029-3,https://doi.org/10.1007/s00521-023-09029-3,https://link.springer.com/content/pdf/10.1007/s00521-023-09029-3.pdf,"HÊCHE, Félicien et al.. Offline reinforcement learning in high-dimensional stochastic environments. Neural Computing and Applications, 2023.",Hche2023,"@article{Hche2023,   title = {{Offline reinforcement learning in high-dimensional stochastic environments}},   author = {Félicien Hêche and Oussama Barakat and T. Desmettre and Tania Marx and Stephan Robert},   year = {2023},   journal = {Neural Computing and Applications},   doi = {10.1007/s00521-023-09029-3},   abstract = {Abstract Offline reinforcement learning (RL) has emerged as a promising paradigm for real-world applications since it aims to train policies directly from datasets of past interactions with the environment. The past few years, algorithms have been introduced to learn from high-dimensional observational states in offline settings. The general idea of these methods is to encode the environment into }, } ","Abstract Offline reinforcement learning (RL) has emerged as a promising paradigm for real-world applications since it aims to train policies directly from datasets of past interactions with the environment. The past few years, algorithms have been introduced to learn from high-dimensional observational states in offline settings. The general idea of these methods is to encode the environment into a latent space and train policies on top of this smaller representation. In this paper, we extend this general method to stochastic environments (i.e., where the reward function is stochastic) and consider a risk measure instead of the classical expected return. First, we show that, under some assumptions, it is equivalent to minimizing a risk measure in the latent space and in the natural space. Based on this result, we present Latent Offline Distributional Actor-Critic (LODAC), an algorithm which is able to train policies in high-dimensional stochastic and offline settings to minimize a given risk measure. Empirically, we show that using LODAC to minimize Conditional Value-at-Risk (CVaR) outperforms previous methods in terms of CVaR and return on stochastic environments.",cvar_risk,5,openalex,True,core,,2026-04-10T17:32:21.127577+00:00
P0068,Deep Reinforcement Learning for Dynamic Stock Option Hedging: A Review,Reilly Pickard; Yuri Lawryshyn,2023,Mathematics,10.3390/math11244943,https://doi.org/10.3390/math11244943,https://www.mdpi.com/2227-7390/11/24/4943/pdf?version=1702455758,"PICKARD, Reilly et al.. Deep Reinforcement Learning for Dynamic Stock Option Hedging: A Review. Mathematics, 2023.",Pickard2023,"@article{Pickard2023,   title = {{Deep Reinforcement Learning for Dynamic Stock Option Hedging: A Review}},   author = {Reilly Pickard and Yuri Lawryshyn},   year = {2023},   journal = {Mathematics},   doi = {10.3390/math11244943},   abstract = {This paper reviews 17 studies addressing dynamic option hedging in frictional markets through Deep Reinforcement Learning (DRL). Specifically, this work analyzes the DRL models, state and action spaces, reward formulations, data generation processes and results for each study. It is found that policy methods such as DDPG are more commonly employed due to their suitability for continuous action spa}, } ","This paper reviews 17 studies addressing dynamic option hedging in frictional markets through Deep Reinforcement Learning (DRL). Specifically, this work analyzes the DRL models, state and action spaces, reward formulations, data generation processes and results for each study. It is found that policy methods such as DDPG are more commonly employed due to their suitability for continuous action spaces. Despite diverse state space definitions, a lack of consensus exists on variable inclusion, prompting a call for thorough sensitivity analyses. Mean-variance metrics prevail in reward formulations, with episodic return, VaR and CvaR also yielding comparable results. Geometric Brownian motion is the primary data generation process, supplemented by stochastic volatility models like SABR (stochastic alpha, beta, rho) and the Heston model. RL agents, particularly those monitoring transaction costs, consistently outperform the Black–Scholes Delta method in frictional environments. Although consistent results emerge under constant and stochastic volatility scenarios, variations arise when employing real data. The lack of a standardized testing dataset or universal benchmark in the RL hedging space makes it difficult to compare results across different studies. A recommended future direction for this work is an implementation of DRL for hedging American options and an investigation of how DRL performs compared to other numerical American option hedging methods.",cvar_risk,5,openalex,True,supporting,,2026-04-10T17:32:21.127577+00:00
P0069,Handling Long and Richly Constrained Tasks through Constrained Hierarchical Reinforcement Learning,Yuxiao Lu; Arunesh Sinha; Pradeep Varakantham,2024,Proceedings of the AAAI Conference on Artificial Intelligence,10.1609/aaai.v38i19.30132,https://doi.org/10.1609/aaai.v38i19.30132,https://ojs.aaai.org/index.php/AAAI/article/download/30132/32004,"LU, Yuxiao et al.. Handling Long and Richly Constrained Tasks through Constrained Hierarchical Reinforcement Learning. Proceedings of the AAAI Conference on Artificial Intelligence, 2024.",Lu2024,"@article{Lu2024,   title = {{Handling Long and Richly Constrained Tasks through Constrained Hierarchical Reinforcement Learning}},   author = {Yuxiao Lu and Arunesh Sinha and Pradeep Varakantham},   year = {2024},   journal = {Proceedings of the AAAI Conference on Artificial Intelligence},   doi = {10.1609/aaai.v38i19.30132},   abstract = {Safety in goal directed Reinforcement Learning (RL) settings has typically been handled through constraints over trajectories and have demonstrated good performance in primarily short horizon tasks. In this paper, we are specifically interested in the problem of solving temporally extended decision making problems such as robots cleaning different areas in a house while avoiding slippery and unsaf}, } ","Safety in goal directed Reinforcement Learning (RL) settings has typically been handled through constraints over trajectories and have demonstrated good performance in primarily short horizon tasks. In this paper, we are specifically interested in the problem of solving temporally extended decision making problems such as robots cleaning different areas in a house while avoiding slippery and unsafe areas (e.g., stairs) and retaining enough charge to move to a charging dock; in the presence of complex safety constraints. Our key contribution is a (safety) Constrained Search with Hierarchical Reinforcement Learning (CoSHRL) mechanism that combines an upper level constrained search agent (which computes a reward maximizing policy from a given start to a far away goal state while satisfying cost constraints) with a low-level goal conditioned RL agent (which estimates cost and reward values to move between nearby states). A major advantage of CoSHRL is that it can handle constraints on the cost value distribution (e.g., on Conditional Value at Risk, CVaR) and can adjust to flexible constraint thresholds without retraining. We perform extensive experiments with different types of safety constraints to demonstrate the utility of our approach over leading approaches in constrained and hierarchical RL.",cvar_risk,2,openalex,True,supporting,,2026-04-10T17:32:21.127577+00:00
P0070,Regret Bounds for Risk-Sensitive Reinforcement Learning,O. Bastani; Y. J. Ma; Eric Tang Kui Shen; W. Xu,2022,arXiv (Cornell University),10.48550/arxiv.2210.05650,https://doi.org/10.48550/arxiv.2210.05650,https://arxiv.org/pdf/2210.05650,"BASTANI, O. et al.. Regret Bounds for Risk-Sensitive Reinforcement Learning. arXiv (Cornell University), 2022.",Bastani2022,"@article{Bastani2022,   title = {{Regret Bounds for Risk-Sensitive Reinforcement Learning}},   author = {O. Bastani and Y. J. Ma and Eric Tang Kui Shen and W. Xu},   year = {2022},   journal = {arXiv (Cornell University)},   doi = {10.48550/arxiv.2210.05650},   abstract = {In safety-critical applications of reinforcement learning such as healthcare and robotics, it is often desirable to optimize risk-sensitive objectives that account for tail outcomes rather than expected reward. We prove the first regret bounds for reinforcement learning under a general class of risk-sensitive objectives including the popular CVaR objective. Our theory is based on a novel character}, } ","In safety-critical applications of reinforcement learning such as healthcare and robotics, it is often desirable to optimize risk-sensitive objectives that account for tail outcomes rather than expected reward. We prove the first regret bounds for reinforcement learning under a general class of risk-sensitive objectives including the popular CVaR objective. Our theory is based on a novel characterization of the CVaR objective as well as a novel optimistic MDP construction.",cvar_risk,1,openalex,False,supporting,,2026-04-10T17:32:21.127577+00:00
P0071,Provably Efficient Risk-Sensitive Reinforcement Learning: Iterated CVaR and Worst Path,Yihan Du; Siwei Wang; Longbo Huang,2022,arXiv (Cornell University),10.48550/arxiv.2206.02678,https://doi.org/10.48550/arxiv.2206.02678,https://arxiv.org/pdf/2206.02678,"DU, Yihan et al.. Provably Efficient Risk-Sensitive Reinforcement Learning: Iterated CVaR and Worst Path. arXiv (Cornell University), 2022.",Du2022,"@article{Du2022,   title = {{Provably Efficient Risk-Sensitive Reinforcement Learning: Iterated CVaR and Worst Path}},   author = {Yihan Du and Siwei Wang and Longbo Huang},   year = {2022},   journal = {arXiv (Cornell University)},   doi = {10.48550/arxiv.2206.02678},   abstract = {In this paper, we study a novel episodic risk-sensitive Reinforcement Learning (RL) problem, named Iterated CVaR RL, which aims to maximize the tail of the reward-to-go at each step, and focuses on tightly controlling the risk of getting into catastrophic situations at each stage. This formulation is applicable to real-world tasks that demand strong risk avoidance throughout the decision process, }, } ","In this paper, we study a novel episodic risk-sensitive Reinforcement Learning (RL) problem, named Iterated CVaR RL, which aims to maximize the tail of the reward-to-go at each step, and focuses on tightly controlling the risk of getting into catastrophic situations at each stage. This formulation is applicable to real-world tasks that demand strong risk avoidance throughout the decision process, such as autonomous driving, clinical treatment planning and robotics. We investigate two performance metrics under Iterated CVaR RL, i.e., Regret Minimization and Best Policy Identification. For both metrics, we design efficient algorithms ICVaR-RM and ICVaR-BPI, respectively, and provide nearly matching upper and lower bounds with respect to the number of episodes $K$. We also investigate an interesting limiting case of Iterated CVaR RL, called Worst Path RL, where the objective becomes to maximize the minimum possible cumulative reward. For Worst Path RL, we propose an efficient algorithm with constant upper and lower bounds. Finally, our techniques for bounding the change of CVaR due to the value function shift and decomposing the regret via a distorted visitation distribution are novel, and can find applications in other risk-sensitive RL problems.",cvar_risk,2,openalex,False,supporting,,2026-04-10T17:32:21.127577+00:00
P0072,FinRL-DeepSeek: LLM-Infused Risk-Sensitive Reinforcement Learning for Trading Agents,Mostapha Benhenda,2025,,,https://www.semanticscholar.org/paper/49be1120557f0dc74580aa2a2196354e9b188a99,,"BENHENDA, Mostapha. FinRL-DeepSeek: LLM-Infused Risk-Sensitive Reinforcement Learning for Trading Agents. s.l., 2025.",Benhenda2025,"@misc{Benhenda2025,   title = {{FinRL-DeepSeek: LLM-Infused Risk-Sensitive Reinforcement Learning for Trading Agents}},   author = {Mostapha Benhenda},   year = {2025},   journal = {},   abstract = {This paper presents a novel risk-sensitive trading agent combining reinforcement learning and large language models (LLMs). We extend the Conditional Value-at-Risk Proximal Policy Optimization (CPPO) algorithm, by adding risk assessment and trading recommendation signals generated by a LLM from financial news. Our approach is backtested on the Nasdaq-100 index benchmark, using financial news data }, } ","This paper presents a novel risk-sensitive trading agent combining reinforcement learning and large language models (LLMs). We extend the Conditional Value-at-Risk Proximal Policy Optimization (CPPO) algorithm, by adding risk assessment and trading recommendation signals generated by a LLM from financial news. Our approach is backtested on the Nasdaq-100 index benchmark, using financial news data from the FNSPID dataset and the DeepSeek V3, Qwen 2.5 and Llama 3.3 language models. The code, data, and trading agents are available at: https://github.com/benstaf/FinRL_DeepSeek",cvar_risk,15,semantic_scholar,False,supporting,,2026-04-10T17:32:21.127577+00:00
P0073,DSAC: Distributional Soft Actor Critic for Risk-Sensitive Reinforcement Learning,Xiaoteng Ma; Li Xia; Zhengyuan Zhou; Jun Yang; Qianchuan Zhao,2020,,,https://www.semanticscholar.org/paper/ce54f25907510d52c659e017ef65c7b8d63f2296,,"MA, Xiaoteng et al.. DSAC: Distributional Soft Actor Critic for Risk-Sensitive Reinforcement Learning. s.l., 2020.",Ma2020,"@misc{Ma2020,   title = {{DSAC: Distributional Soft Actor Critic for Risk-Sensitive Reinforcement Learning}},   author = {Xiaoteng Ma and Li Xia and Zhengyuan Zhou and Jun Yang and Qianchuan Zhao},   year = {2020},   journal = {}, } ",,cvar_risk,99,semantic_scholar,False,supporting,,2026-04-10T17:32:21.127577+00:00
P0074,GLOVA: Global and Local Variation-Aware Analog Circuit Design with Risk-Sensitive Reinforcement Learning,Dongjun Kim; Junwoo Park; Chaehyeon Shin; Jaeheon Jung; Kyungho Shin; S. Baek; Sang-Bok Heo; Woongrae Kim; In-Chul Jeong; Joohwan Cho; Jongsun Park,2025,Design Automation Conference,10.1109/DAC63849.2025.11132461,https://www.semanticscholar.org/paper/3bd031e6f2c48c73f3cecfa855b88e208b829cc7,,"KIM, Dongjun et al.. GLOVA: Global and Local Variation-Aware Analog Circuit Design with Risk-Sensitive Reinforcement Learning. Design Automation Conference, 2025.",Kim2025,"@article{Kim2025,   title = {{GLOVA: Global and Local Variation-Aware Analog Circuit Design with Risk-Sensitive Reinforcement Learning}},   author = {Dongjun Kim and Junwoo Park and Chaehyeon Shin and Jaeheon Jung and Kyungho Shin and S. Baek and Sang-Bok Heo and Woongrae Kim and In-Chul Jeong and Joohwan Cho and Jongsun Park},   year = {2025},   journal = {Design Automation Conference},   doi = {10.1109/DAC63849.2025.11132461},   abstract = {Analog/mixed-signal circuit design encounters significant challenges due to performance degradation from process, voltage, and temperature (PVT) variations. To achieve commercial-grade reliability, iterative manual design revisions and extensive statistical simulations are required. While several studies have aimed to automate variation-aware analog design to reduce time-to-market, the substantial}, } ","Analog/mixed-signal circuit design encounters significant challenges due to performance degradation from process, voltage, and temperature (PVT) variations. To achieve commercial-grade reliability, iterative manual design revisions and extensive statistical simulations are required. While several studies have aimed to automate variation-aware analog design to reduce time-to-market, the substantial mismatches in real-world wafers have not been thoroughly addressed. In this paper, we present GLOVA, an analog circuit sizing framework that effectively manages the impact of diverse random mismatches to improve robustness against PVT variations. In the proposed approach, risk-sensitive reinforcement learning is leveraged to account for the reliability bound affected by PVT variations, and ensemble-based critic is introduced to achieve sample-efficient learning. For design verification, we also propose μ-σ evaluation and simulation reordering method to reduce simulation costs of identifying failed designs. GLOVA supports verification through industrial-level PVT variation evaluation methods, including corner simulation as well as global and local Monte Carlo (MC) simulations. Compared to previous state-of-the-art variation-aware analog sizing frameworks, GLOVA achieves up to $80.5 \times$ improvement in sample efficiency and $76.0 \times$ reduction in time.",cvar_risk,4,semantic_scholar,True,supporting,,2026-04-10T17:32:21.127577+00:00
P0075,Adaptive risk tendency in uncertainty-aware motion planning using risk-sensitive Reinforcement Learning,Zhidong Wang; Chongfeng Wei; Xiaolin Tang; Wanzhong Zhao; Chuan Hu; Xi Zhang,2025,Advanced Engineering Informatics,10.1016/j.aei.2024.102942,https://www.semanticscholar.org/paper/50c463d3f4f891968eae3b49327f794fddb97de7,,"WANG, Zhidong et al.. Adaptive risk tendency in uncertainty-aware motion planning using risk-sensitive Reinforcement Learning. Advanced Engineering Informatics, 2025.",Wang2025,"@article{Wang2025,   title = {{Adaptive risk tendency in uncertainty-aware motion planning using risk-sensitive Reinforcement Learning}},   author = {Zhidong Wang and Chongfeng Wei and Xiaolin Tang and Wanzhong Zhao and Chuan Hu and Xi Zhang},   year = {2025},   journal = {Advanced Engineering Informatics},   doi = {10.1016/j.aei.2024.102942}, } ",,cvar_risk,11,semantic_scholar,True,supporting,,2026-04-10T17:32:21.127577+00:00
P0076,Uncertainty quantification via a memristor Bayesian deep neural network for risk-sensitive reinforcement learning,Yudeng Lin; Qingtian Zhang; B. Gao; Jianshi Tang; P. Yao; Chongxuan Li; Shiyu Huang; Zhengwu Liu; Ying Zhou; Yuyi Liu; Wenqiang Zhang; Jun Zhu; H. Qian; Huaqiang Wu,2023,Nature Machine Intelligence,10.1038/s42256-023-00680-y,https://www.semanticscholar.org/paper/ef96d47e36fa014afe5ffc832a0ba1356b9a2540,,"LIN, Yudeng et al.. Uncertainty quantification via a memristor Bayesian deep neural network for risk-sensitive reinforcement learning. Nature Machine Intelligence, 2023.",Lin2023a,"@article{Lin2023a,   title = {{Uncertainty quantification via a memristor Bayesian deep neural network for risk-sensitive reinforcement learning}},   author = {Yudeng Lin and Qingtian Zhang and B. Gao and Jianshi Tang and P. Yao and Chongxuan Li and Shiyu Huang and Zhengwu Liu and Ying Zhou and Yuyi Liu and Wenqiang Zhang and Jun Zhu and H. Qian and Huaqiang Wu},   year = {2023},   journal = {Nature Machine Intelligence},   doi = {10.1038/s42256-023-00680-y}, } ",,cvar_risk,49,semantic_scholar,True,supporting,,2026-04-10T17:32:21.127577+00:00
P0077,Risk-Sensitive Reinforcement Learning with Function Approximation: A Debiasing Approach,Yingjie Fei; Zhuoran Yang; Zhaoran Wang,2021,International Conference on Machine Learning,,https://www.semanticscholar.org/paper/4cc45bda26c0fa7240fb2cc5d1d67248e207a69e,,"FEI, Yingjie et al.. Risk-Sensitive Reinforcement Learning with Function Approximation: A Debiasing Approach. International Conference on Machine Learning, 2021.",Fei2021,"@article{Fei2021,   title = {{Risk-Sensitive Reinforcement Learning with Function Approximation: A Debiasing Approach}},   author = {Yingjie Fei and Zhuoran Yang and Zhaoran Wang},   year = {2021},   journal = {International Conference on Machine Learning}, } ",,cvar_risk,52,semantic_scholar,False,supporting,,2026-04-10T17:32:21.127577+00:00
P0078,Risk-Sensitive Reinforcement Learning: Near-Optimal Risk-Sample Tradeoff in Regret,Yingjie Fei; Zhuoran Yang; Yudong Chen; Zhaoran Wang; Qiaomin Xie,2020,Neural Information Processing Systems,,https://www.semanticscholar.org/paper/604ef08af1e7fd2634bff6bdd6ce729de783ac5f,,"FEI, Yingjie et al.. Risk-Sensitive Reinforcement Learning: Near-Optimal Risk-Sample Tradeoff in Regret. Neural Information Processing Systems, 2020.",Fei2020,"@article{Fei2020,   title = {{Risk-Sensitive Reinforcement Learning: Near-Optimal Risk-Sample Tradeoff in Regret}},   author = {Yingjie Fei and Zhuoran Yang and Yudong Chen and Zhaoran Wang and Qiaomin Xie},   year = {2020},   journal = {Neural Information Processing Systems},   abstract = {We study risk-sensitive reinforcement learning in episodic Markov decision processes with unknown transition kernels, where the goal is to optimize the total reward under the risk measure of exponential utility. We propose two provably efficient model-free algorithms, Risk-Sensitive Value Iteration (RSVI) and Risk-Sensitive Q-learning (RSQ). These algorithms implement a form of risk-sensitive opti}, } ","We study risk-sensitive reinforcement learning in episodic Markov decision processes with unknown transition kernels, where the goal is to optimize the total reward under the risk measure of exponential utility. We propose two provably efficient model-free algorithms, Risk-Sensitive Value Iteration (RSVI) and Risk-Sensitive Q-learning (RSQ). These algorithms implement a form of risk-sensitive optimism in the face of uncertainty, which adapts to both risk-seeking and risk-averse modes of exploration. We prove that RSVI attains an $\tilde{O}\big(\lambda(|\beta| H^2) \cdot \sqrt{H^{3} S^{2}AT} \big)$ regret, while RSQ attains an $\tilde{O}\big(\lambda(|\beta| H^2) \cdot \sqrt{H^{4} SAT} \big)$ regret, where $\lambda(u) = (e^{3u}-1)/u$ for $u>0$. In the above, $\beta$ is the risk parameter of the exponential utility function, $S$ the number of states, $A$ the number of actions, $T$ the total number of timesteps, and $H$ the episode length. On the flip side, we establish a regret lower bound showing that the exponential dependence on $|\beta|$ and $H$ is unavoidable for any algorithm with an $\tilde{O}(\sqrt{T})$ regret (even when the risk objective is on the same scale as the original reward), thus certifying the near-optimality of the proposed algorithms. Our results demonstrate that incorporating risk awareness into reinforcement learning necessitates an exponential cost in $|\beta|$ and $H$, which quantifies the fundamental tradeoff between risk sensitivity (related to aleatoric uncertainty) and sample efficiency (related to epistemic uncertainty). To the best of our knowledge, this is the first regret analysis of risk-sensitive reinforcement learning with the exponential utility.",cvar_risk,77,semantic_scholar,False,supporting,,2026-04-10T17:32:21.127577+00:00
P0079,Exponential Bellman Equation and Improved Regret Bounds for Risk-Sensitive Reinforcement Learning,Yingjie Fei; Zhuoran Yang; Yudong Chen; Zhaoran Wang,2021,Neural Information Processing Systems,,https://www.semanticscholar.org/paper/3cb13b61804d5ff0d96c7cca127087171c880beb,,"FEI, Yingjie et al.. Exponential Bellman Equation and Improved Regret Bounds for Risk-Sensitive Reinforcement Learning. Neural Information Processing Systems, 2021.",Fei2021a,"@article{Fei2021a,   title = {{Exponential Bellman Equation and Improved Regret Bounds for Risk-Sensitive Reinforcement Learning}},   author = {Yingjie Fei and Zhuoran Yang and Yudong Chen and Zhaoran Wang},   year = {2021},   journal = {Neural Information Processing Systems},   abstract = {We study risk-sensitive reinforcement learning (RL) based on the entropic risk measure. Although existing works have established non-asymptotic regret guarantees for this problem, they leave open an exponential gap between the upper and lower bounds. We identify the deficiencies in existing algorithms and their analysis that result in such a gap. To remedy these deficiencies, we investigate a simp}, } ","We study risk-sensitive reinforcement learning (RL) based on the entropic risk measure. Although existing works have established non-asymptotic regret guarantees for this problem, they leave open an exponential gap between the upper and lower bounds. We identify the deficiencies in existing algorithms and their analysis that result in such a gap. To remedy these deficiencies, we investigate a simple transformation of the risk-sensitive Bellman equations, which we call the exponential Bellman equation. The exponential Bellman equation inspires us to develop a novel analysis of Bellman backup procedures in risk-sensitive RL algorithms, and further motivates the design of a novel exploration mechanism. We show that these analytic and algorithmic innovations together lead to improved regret upper bounds over existing ones.",cvar_risk,61,semantic_scholar,False,supporting,,2026-04-10T17:32:21.127577+00:00
P0080,Near-Minimax-Optimal Risk-Sensitive Reinforcement Learning with CVaR,Kaiwen Wang; Nathan Kallus; Wen Sun,2023,International Conference on Machine Learning,10.48550/arXiv.2302.03201,https://www.semanticscholar.org/paper/71339c04a25da137141bd528d0e3a4734a867907,,"WANG, Kaiwen et al.. Near-Minimax-Optimal Risk-Sensitive Reinforcement Learning with CVaR. International Conference on Machine Learning, 2023.",Wang2023,"@article{Wang2023,   title = {{Near-Minimax-Optimal Risk-Sensitive Reinforcement Learning with CVaR}},   author = {Kaiwen Wang and Nathan Kallus and Wen Sun},   year = {2023},   journal = {International Conference on Machine Learning},   doi = {10.48550/arXiv.2302.03201},   abstract = {In this paper, we study risk-sensitive Reinforcement Learning (RL), focusing on the objective of Conditional Value at Risk (CVaR) with risk tolerance $\tau$. Starting with multi-arm bandits (MABs), we show the minimax CVaR regret rate is $\Omega(\sqrt\tau^-1AK)$, where $A$ is the number of actions and $K$ is the number of episodes, and that it is achieved by an Upper Confidence Bound algorithm}, } ","In this paper, we study risk-sensitive Reinforcement Learning (RL), focusing on the objective of Conditional Value at Risk (CVaR) with risk tolerance $\tau$. Starting with multi-arm bandits (MABs), we show the minimax CVaR regret rate is $\Omega(\sqrt{\tau^{-1}AK})$, where $A$ is the number of actions and $K$ is the number of episodes, and that it is achieved by an Upper Confidence Bound algorithm with a novel Bernstein bonus. For online RL in tabular Markov Decision Processes (MDPs), we show a minimax regret lower bound of $\Omega(\sqrt{\tau^{-1}SAK})$ (with normalized cumulative rewards), where $S$ is the number of states, and we propose a novel bonus-driven Value Iteration procedure. We show that our algorithm achieves the optimal regret of $\widetilde O(\sqrt{\tau^{-1}SAK})$ under a continuity assumption and in general attains a near-optimal regret of $\widetilde O(\tau^{-1}\sqrt{SAK})$, which is minimax-optimal for constant $\tau$. This improves on the best available bounds. By discretizing rewards appropriately, our algorithms are computationally efficient.",cvar_risk,35,semantic_scholar,False,supporting,,2026-04-10T17:32:21.127577+00:00
P0081,Collaborative Computing Optimization in Train-Edge-Cloud-Based Smart Train Systems Using Risk-Sensitive Reinforcement Learning,Li Zhu; Sen Lin; Ieee F. Richard Yu Fellow; Yang Li,2024,IEEE Transactions on Vehicular Technology,10.1109/TVT.2023.3325674,https://www.semanticscholar.org/paper/f532bc7c194ba5a3cd67a605c4fce554ffc4689e,,"ZHU, Li et al.. Collaborative Computing Optimization in Train-Edge-Cloud-Based Smart Train Systems Using Risk-Sensitive Reinforcement Learning. IEEE Transactions on Vehicular Technology, 2024.",Zhu2024,"@article{Zhu2024,   title = {{Collaborative Computing Optimization in Train-Edge-Cloud-Based Smart Train Systems Using Risk-Sensitive Reinforcement Learning}},   author = {Li Zhu and Sen Lin and Ieee F. Richard Yu Fellow and Yang Li},   year = {2024},   journal = {IEEE Transactions on Vehicular Technology},   doi = {10.1109/TVT.2023.3325674},   abstract = {With the advent of the intelligent and digital era, intelligent urban rail transit systems have been a research focus. As the core part of intelligent urban rail transit systems, smart trains are empowered by various intelligent applications. While improving system performance and reducing system risk, intelligent applications demand a large amount of computing power. However, it is challenging to}, } ","With the advent of the intelligent and digital era, intelligent urban rail transit systems have been a research focus. As the core part of intelligent urban rail transit systems, smart trains are empowered by various intelligent applications. While improving system performance and reducing system risk, intelligent applications demand a large amount of computing power. However, it is challenging to provide simultaneously all intelligent applications for smart trains due to limited on-board computing resources. In this article, we design a train-edge-cloud (TEC) collaborative computing framework for train intelligent computing tasks. We aim to develop a TEC-based collaborative computing scheme to minimize the task processing delay with edge computing resource constraints. Considering the unique environment of smart train systems, we design a risk-sensitive reinforcement learning (RL) algorithm to realize collaborative computing optimization. We design a novel risk function in the system by jointly considering the computing load of edge intelligence (EI) servers and the characteristics of the urban rail transit systems. Moreover, we optimize the proposed risk-sensitive RL algorithm by using quantum representation and functions to accelerate its convergence speed. We design the TEC-based collaborative computing framework and design the quantum-inspired risk-sensitive RL algorithm to formulate the strategies for task scheduling. Comprehensive simulation results indicate that the algorithm adopted in this article can significantly reduce the task processing delay while satisfying EI servers' computing resource constraints. The quantum-inspired-optimized risk-sensitive RL model dramatically improves the model convergence speed.",cvar_risk,10,semantic_scholar,True,supporting,,2026-04-10T17:32:21.127577+00:00
P0082,Risk-Sensitive Reinforcement Learning With ϕ-Divergence-Risk,Xinyi Ni; Lifeng Lai,2025,IEEE Transactions on Information Theory,10.1109/TIT.2025.3569697,https://www.semanticscholar.org/paper/911a98cee8f01d1d88b8549c44029550e171a346,,"NI, Xinyi et al.. Risk-Sensitive Reinforcement Learning With ϕ-Divergence-Risk. IEEE Transactions on Information Theory, 2025.",Ni2025,"@article{Ni2025,   title = {{Risk-Sensitive Reinforcement Learning With ϕ-Divergence-Risk}},   author = {Xinyi Ni and Lifeng Lai},   year = {2025},   journal = {IEEE Transactions on Information Theory},   doi = {10.1109/TIT.2025.3569697},   abstract = {Standard reinforcement learning (RL) algorithms primarily focus on minimizing the expected sum of costs, which can be insufficient in contexts where risk sensitivity is crucial. This paper explores the application of a class of coherent risk measures, termed <inline-formula> <tex-math notation=""LaTeX"">$\phi $ </tex-math></inline-formula>-Divergence-Risk (PhiD-R) in risk-sensitive RL. This class of}, } ","Standard reinforcement learning (RL) algorithms primarily focus on minimizing the expected sum of costs, which can be insufficient in contexts where risk sensitivity is crucial. This paper explores the application of a class of coherent risk measures, termed <inline-formula> <tex-math notation=""LaTeX"">$\phi $ </tex-math></inline-formula>-Divergence-Risk (PhiD-R) in risk-sensitive RL. This class of risk measures not only includes established measures such as Conditional Value-at-Risk (CVaR) as special cases but also broadens the horizon for exploring new risk measures. We propose a trajectory-based policy gradient method specifically tailored for PhiD-R, applicable across all forms of risk measures formed by different <inline-formula> <tex-math notation=""LaTeX"">$\phi $ </tex-math></inline-formula>-divergence. We prove the asymptotic convergence of our algorithm towards locally optimal policies using multi-time stochastic approximation techniques. Extensive simulation experiments validate the effectiveness and practicality of our approach.",cvar_risk,1,semantic_scholar,True,supporting,,2026-04-10T17:32:21.127577+00:00
P0083,Cooperative Dispatch of Renewable-Penetrated Microgrids Alliances Using Risk-Sensitive Reinforcement Learning,Ziqing Zhu; Xiang Gao; Siqi Bu; Ka Wing Chan; Bin Zhou; S. Xia,2024,IEEE Transactions on Sustainable Energy,10.1109/TSTE.2024.3406590,https://www.semanticscholar.org/paper/6c8fc3ef5e7597dffbf928f82b8620591d4fccdc,,"ZHU, Ziqing et al.. Cooperative Dispatch of Renewable-Penetrated Microgrids Alliances Using Risk-Sensitive Reinforcement Learning. IEEE Transactions on Sustainable Energy, 2024.",Zhu2024a,"@article{Zhu2024a,   title = {{Cooperative Dispatch of Renewable-Penetrated Microgrids Alliances Using Risk-Sensitive Reinforcement Learning}},   author = {Ziqing Zhu and Xiang Gao and Siqi Bu and Ka Wing Chan and Bin Zhou and S. Xia},   year = {2024},   journal = {IEEE Transactions on Sustainable Energy},   doi = {10.1109/TSTE.2024.3406590},   abstract = {The integration of individual microgrids (MGs) into Microgrid Alliances (MGAs) significantly improves the reliability and flexibility of energy supply. The dispatch of MGAs is the key challenge to ensure the secure and economic operation of the distribution network. Currently, there is a lack of coordination mechanism that aligns the individual MGs’ objectives with the overall welfare of the allia}, } ","The integration of individual microgrids (MGs) into Microgrid Alliances (MGAs) significantly improves the reliability and flexibility of energy supply. The dispatch of MGAs is the key challenge to ensure the secure and economic operation of the distribution network. Currently, there is a lack of coordination mechanism that aligns the individual MGs’ objectives with the overall welfare of the alliance. In addition, current optimization method cannot simultaneously achieve requirements of MGAs’ dispatch, including fast computation speed, scalability, foresight-seeing capability, and risk mitigation against uncertainty due to high penetration of renewable distributed energy resources. In this paper, a cooperation mechanism for MGs in the MGA is proposed to harmonize MGs’ own profit and the global profit of the MGA, with the guarantee of fairness. Aligned with this mechanism, a novel Risk-Sensitive Trust Region Policy Optimization (RS-TRPO), as a risk-averse multi-agent reinforcement learning algorithm, is proposed to help MGs to optimize their own dispatch strategy. This algorithm tackles the deficiencies of conventional methods, enabling the distributed, fast-speed, and foresight-seeing dispatch of MGs in a scalable manner, while considering the uncertain risks. In particular, the optimality of this algorithm is theoretically guaranteed. The outstanding computational performance is demonstrated in comparison with conventional algorithms in a modified IEEE 30-Bus Test System with 4 MGs.",cvar_risk,13,semantic_scholar,True,supporting,,2026-04-10T17:32:21.127577+00:00
P0084,Risk-Sensitive Reinforcement Learning-Based Strategies for Dutch Implicit Balancing,Seyed Soroush Karimi Madahi; Fabio Pavirani; Bert Claessens; Chris Develder,2025,2025 21st International Conference on the European Energy Market (EEM),10.1109/EEM64765.2025.11050202,https://www.semanticscholar.org/paper/45448d3805801eabff7ae0bd223e0d27bda2b2de,,"MADAHI, Seyed Soroush Karimi et al.. Risk-Sensitive Reinforcement Learning-Based Strategies for Dutch Implicit Balancing. 2025 21st International Conference on the European Energy Market (EEM), 2025.",Madahi2025,"@article{Madahi2025,   title = {{Risk-Sensitive Reinforcement Learning-Based Strategies for Dutch Implicit Balancing}},   author = {Seyed Soroush Karimi Madahi and Fabio Pavirani and Bert Claessens and Chris Develder},   year = {2025},   journal = {2025 21st International Conference on the European Energy Market (EEM)},   doi = {10.1109/EEM64765.2025.11050202},   abstract = {Adopting renewable energy sources (RES) can pave the way toward reaching net-zero carbon emissions. However, the intermittent nature of RES can pose significant challenges to balance responsible parties (BRPs) and transmission system operators (TSOs) in maintaining the balance of the electricity grid. BRPs can assist TSOs in balancing the grid by occasionally deviating from their nomination to hel}, } ","Adopting renewable energy sources (RES) can pave the way toward reaching net-zero carbon emissions. However, the intermittent nature of RES can pose significant challenges to balance responsible parties (BRPs) and transmission system operators (TSOs) in maintaining the balance of the electricity grid. BRPs can assist TSOs in balancing the grid by occasionally deviating from their nomination to help reduce the system imbalance, which is called implicit balancing. In this paper, we propose data-driven implicit balancing strategies for BRPs in the Dutch imbalance settlement mechanism. Dutch implicit balancing is challenging due to the Dutch imbalance pricing calculation, which is a combination of single and dual pricing methods. To cope with this challenge, a risk management perspective is incorporated into the proposed method through distributional reinforcement learning. Distributional reinforcement learning agents are trained to manage a BRP's battery in the presence of wind farm generation stochasticity to reduce its imbalance cost. Dutch imbalance data of 2024 are used to assess the performance of the learned implicit strategies. The proposed method is benchmarked against deterministic model predictive control and a rule-based controller. The results show that both risk-neutral and risk-averse agents improve daily profit by 29.3% and 20.7 %, respectively, compared to the rule-based controller. Moreover, the risk-averse agent decreases the average portfolio deviation during dual pricing situations by 19.2% compared to the risk-neutral agent, resulting in a lower imbalance cost for the BRP in these situations.",cvar_risk,2,semantic_scholar,True,supporting,,2026-04-10T17:32:21.127577+00:00
P0085,Risk-sensitive Reinforcement Learning Based on Convex Scoring Functions,Shanyu Han; Yang Liu; Xiang Yu,2025,arXiv.org,10.48550/arXiv.2505.04553,https://www.semanticscholar.org/paper/8e58a0e70510041c4b0ab22388d3c79a020396fc,,"HAN, Shanyu et al.. Risk-sensitive Reinforcement Learning Based on Convex Scoring Functions. arXiv.org, 2025.",Han2025,"@article{Han2025,   title = {{Risk-sensitive Reinforcement Learning Based on Convex Scoring Functions}},   author = {Shanyu Han and Yang Liu and Xiang Yu},   year = {2025},   journal = {arXiv.org},   doi = {10.48550/arXiv.2505.04553},   abstract = {We propose a reinforcement learning (RL) framework under a broad class of risk objectives, characterized by convex scoring functions. This class covers many common risk measures, such as variance, Expected Shortfall, entropic Value-at-Risk, and mean-risk utility. To resolve the time-inconsistency issue, we consider an augmented state space and an auxiliary variable and recast the problem as a two-}, } ","We propose a reinforcement learning (RL) framework under a broad class of risk objectives, characterized by convex scoring functions. This class covers many common risk measures, such as variance, Expected Shortfall, entropic Value-at-Risk, and mean-risk utility. To resolve the time-inconsistency issue, we consider an augmented state space and an auxiliary variable and recast the problem as a two-state optimization problem. We propose a customized Actor-Critic algorithm and establish some theoretical approximation guarantees. A key theoretical contribution is that our results do not require the Markov decision process to be continuous. Additionally, we propose an auxiliary variable sampling method inspired by the alternating minimization algorithm, which is convergent under certain conditions. We validate our approach in simulation experiments with a financial application in statistical arbitrage trading, demonstrating the effectiveness of the algorithm.",cvar_risk,1,semantic_scholar,False,supporting,,2026-04-10T17:32:21.127577+00:00
P0086,Continuous-time Risk-sensitive Reinforcement Learning via Quadratic Variation Penalty,Yanwei Jia,2024,Social Science Research Network,10.2139/ssrn.4800185,https://www.semanticscholar.org/paper/4dda17176a8dc68828d29a0c6d948df6aa20466e,,"JIA, Yanwei. Continuous-time Risk-sensitive Reinforcement Learning via Quadratic Variation Penalty. Social Science Research Network, 2024.",Jia2024,"@article{Jia2024,   title = {{Continuous-time Risk-sensitive Reinforcement Learning via Quadratic Variation Penalty}},   author = {Yanwei Jia},   year = {2024},   journal = {Social Science Research Network},   doi = {10.2139/ssrn.4800185},   abstract = {This paper studies continuous-time risk-sensitive reinforcement learning (RL) under the entropy-regularized, exploratory diffusion process formulation with the exponential-form objective. The risk-sensitive objective arises either as the agent’s risk attitude or as a distributionally robust approach against the model uncertainty. Owing to the martingale perspective in Jia and Zhou (J Mach Learn Re}, } ","This paper studies continuous-time risk-sensitive reinforcement learning (RL) under the entropy-regularized, exploratory diffusion process formulation with the exponential-form objective. The risk-sensitive objective arises either as the agent’s risk attitude or as a distributionally robust approach against the model uncertainty. Owing to the martingale perspective in Jia and Zhou (J Mach Learn Res 24(161):1–61, 2023), the risk-sensitive RL problem is shown to be equivalent to ensuring the martingale property of a process involving both the value function and the q-function, augmented by an additional penalty term: the quadratic variation of the value process, capturing the variability of the value-to-go along the trajectory. This characterization allows for the straightforward adaptation of existing RL algorithms developed for non-risk-sensitive scenarios to incorporate risk sensitivity by adding the realized variance of the value process. Additionally, I highlight that the conventional policy gradient representation is inadequate for risk-sensitive problems due to the nonlinear nature of quadratic variation; however, q-learning offers a solution and extends to infinite horizon settings. Finally, I prove the convergence of the proposed algorithm for Merton’s investment problem and quantify the impact of temperature parameter on the behavior of the learning procedure. I also conduct simulation experiments to demonstrate how risk-sensitive RL improves the finite-sample performance in the linear-quadratic control problem.",cvar_risk,5,semantic_scholar,True,supporting,,2026-04-10T17:32:21.127577+00:00
P0087,Risk-Sensitive Reinforcement Learning,Yun Shen; Michael J. Tobia; T. Sommer; K. Obermayer,2013,Neural Computation,10.1162/NECO_a_00600,https://www.semanticscholar.org/paper/f0c4b7568f378e652645232e66a1dab4c5b5293f,,"SHEN, Yun et al.. Risk-Sensitive Reinforcement Learning. Neural Computation, 2013.",Shen2013,"@article{Shen2013,   title = {{Risk-Sensitive Reinforcement Learning}},   author = {Yun Shen and Michael J. Tobia and T. Sommer and K. Obermayer},   year = {2013},   journal = {Neural Computation},   doi = {10.1162/NECO_a_00600},   abstract = {We derive a family of risk-sensitive reinforcement learning methods for agents, who face sequential decision-making tasks in uncertain environments. By applying a utility function to the temporal difference (TD) error, nonlinear transformations are effectively applied not only to the received rewards but also to the true transition probabilities of the underlying Markov decision process. When appr}, } ","We derive a family of risk-sensitive reinforcement learning methods for agents, who face sequential decision-making tasks in uncertain environments. By applying a utility function to the temporal difference (TD) error, nonlinear transformations are effectively applied not only to the received rewards but also to the true transition probabilities of the underlying Markov decision process. When appropriate utility functions are chosen, the agents’ behaviors express key features of human behavior as predicted by prospect theory (Kahneman & Tversky, 1979), for example, different risk preferences for gains and losses, as well as the shape of subjective probability curves. We derive a risk-sensitive Q-learning algorithm, which is necessary for modeling human behavior when transition probabilities are unknown, and prove its convergence. As a proof of principle for the applicability of the new framework, we apply it to quantify human behavior in a sequential investment task. We find that the risk-sensitive variant provides a significantly better fit to the behavioral data and that it leads to an interpretation of the subject's responses that is indeed consistent with prospect theory. The analysis of simultaneously measured fMRI signals shows a significant correlation of the risk-sensitive TD error with BOLD signal change in the ventral striatum. In addition we find a significant correlation of the risk-sensitive Q-values with neural activity in the striatum, cingulate cortex, and insula that is not present if standard Q-values are used.",cvar_risk,349,semantic_scholar,True,supporting,,2026-04-10T17:32:21.127577+00:00
P0088,IoT-Aerial Base Station Task Offloading With Risk-Sensitive Reinforcement Learning for Smart Agriculture,T. Pamuklu; Anne Catherine Nguyen; Aisha Syed; W. Kennedy; M. Erol-Kantarci,2022,IEEE Transactions on Green Communications and Networking,10.1109/TGCN.2022.3205330,https://www.semanticscholar.org/paper/acc2c897b542a04e03bb6687be97d3184b9884c2,,"PAMUKLU, T. et al.. IoT-Aerial Base Station Task Offloading With Risk-Sensitive Reinforcement Learning for Smart Agriculture. IEEE Transactions on Green Communications and Networking, 2022.",Pamuklu2022,"@article{Pamuklu2022,   title = {{IoT-Aerial Base Station Task Offloading With Risk-Sensitive Reinforcement Learning for Smart Agriculture}},   author = {T. Pamuklu and Anne Catherine Nguyen and Aisha Syed and W. Kennedy and M. Erol-Kantarci},   year = {2022},   journal = {IEEE Transactions on Green Communications and Networking},   doi = {10.1109/TGCN.2022.3205330},   abstract = {Aerial base stations (ABSs) allow smart farms to offload processing responsibility of complex tasks from Internet of things (IoT) devices to ABSs. IoT devices have limited energy and computing resources, thus it is required to provide an advanced solution for a system that requires the support of ABSs. This paper introduces a novel multi-actor-based risk-sensitive reinforcement learning approach f}, } ","Aerial base stations (ABSs) allow smart farms to offload processing responsibility of complex tasks from Internet of things (IoT) devices to ABSs. IoT devices have limited energy and computing resources, thus it is required to provide an advanced solution for a system that requires the support of ABSs. This paper introduces a novel multi-actor-based risk-sensitive reinforcement learning approach for ABS task scheduling for smart agriculture. The problem is defined as task offloading with a strict condition on completing the IoT tasks before their deadlines. Moreover, the algorithm must also consider the limited energy capacity of the ABSs. The results show that our proposed approach outperforms several heuristics and the classic Q-Learning approach. Furthermore, we provide a mixed integer linear programming solution to determine a lower bound on the performance, and clarify the gap between our risk-sensitive solution and the optimal solution, as well. The comparison proves our extensive simulation results demonstrate that our method is a promising approach for providing a guaranteed task processing services for the IoT tasks in a smart farm, while increasing the hovering time of the ABSs in this farm.",cvar_risk,28,semantic_scholar,True,supporting,,2026-04-10T17:32:21.127577+00:00
P0089,A Reductions Approach to Risk-Sensitive Reinforcement Learning with Optimized Certainty Equivalents,Kaiwen Wang; Dawen Liang; Nathan Kallus; Wen Sun,2024,International Conference on Machine Learning,,https://www.semanticscholar.org/paper/5a5671b638ec64c67df3166f0cddcecb25b095b7,,"WANG, Kaiwen et al.. A Reductions Approach to Risk-Sensitive Reinforcement Learning with Optimized Certainty Equivalents. International Conference on Machine Learning, 2024.",Wang2024,"@article{Wang2024,   title = {{A Reductions Approach to Risk-Sensitive Reinforcement Learning with Optimized Certainty Equivalents}},   author = {Kaiwen Wang and Dawen Liang and Nathan Kallus and Wen Sun},   year = {2024},   journal = {International Conference on Machine Learning},   abstract = {We study risk-sensitive RL where the goal is learn a history-dependent policy that optimizes some risk measure of cumulative rewards. We consider a family of risks called the optimized certainty equivalents (OCE), which captures important risk measures such as conditional value-at-risk (CVaR), entropic risk and Markowitz's mean-variance. In this setting, we propose two meta-algorithms: one grounde}, } ","We study risk-sensitive RL where the goal is learn a history-dependent policy that optimizes some risk measure of cumulative rewards. We consider a family of risks called the optimized certainty equivalents (OCE), which captures important risk measures such as conditional value-at-risk (CVaR), entropic risk and Markowitz's mean-variance. In this setting, we propose two meta-algorithms: one grounded in optimism and another based on policy gradients, both of which can leverage the broad suite of risk-neutral RL algorithms in an augmented Markov Decision Process (MDP). Via a reductions approach, we leverage theory for risk-neutral RL to establish novel OCE bounds in complex, rich-observation MDPs. For the optimism-based algorithm, we prove bounds that generalize prior results in CVaR RL and that provide the first risk-sensitive bounds for exogenous block MDPs. For the gradient-based algorithm, we establish both monotone improvement and global convergence guarantees under a discrete reward assumption. Finally, we empirically show that our algorithms learn the optimal history-dependent policy in a proof-of-concept MDP, where all Markovian policies provably fail.",cvar_risk,9,semantic_scholar,False,supporting,,2026-04-10T17:32:21.127577+00:00
P0090,LLM-Guided risk-sensitive reinforcement learning for smart factories in the scenario of human-robot symbiosis,Weishuo Wang; Pengfei Zhou,2025,Expert systems with applications,10.1016/j.eswa.2025.130093,https://www.semanticscholar.org/paper/0602489768a068dcccb1bfb58305cdd47f500f8d,,"WANG, Weishuo et al.. LLM-Guided risk-sensitive reinforcement learning for smart factories in the scenario of human-robot symbiosis. Expert systems with applications, 2025.",Wang2025a,"@article{Wang2025a,   title = {{LLM-Guided risk-sensitive reinforcement learning for smart factories in the scenario of human-robot symbiosis}},   author = {Weishuo Wang and Pengfei Zhou},   year = {2025},   journal = {Expert systems with applications},   doi = {10.1016/j.eswa.2025.130093}, } ",,cvar_risk,1,semantic_scholar,True,supporting,,2026-04-10T17:32:21.127577+00:00
P0091,Neural Prediction Errors Reveal a Risk-Sensitive Reinforcement-Learning Process in the Human Brain,Yael Niv; Jeffrey A. Edlund; Peter Dayan; John P. O’Doherty,2012,Journal of Neuroscience,10.1523/jneurosci.5498-10.2012,https://doi.org/10.1523/jneurosci.5498-10.2012,https://www.jneurosci.org/content/jneuro/32/2/551.full.pdf,"NIV, Yael et al.. Neural Prediction Errors Reveal a Risk-Sensitive Reinforcement-Learning Process in the Human Brain. Journal of Neuroscience, 2012.",Niv2012,"@article{Niv2012,   title = {{Neural Prediction Errors Reveal a Risk-Sensitive Reinforcement-Learning Process in the Human Brain}},   author = {Yael Niv and Jeffrey A. Edlund and Peter Dayan and John P. O’Doherty},   year = {2012},   journal = {Journal of Neuroscience},   doi = {10.1523/jneurosci.5498-10.2012},   abstract = {Humans and animals are exquisitely, though idiosyncratically, sensitive to risk or variance in the outcomes of their actions. Economic, psychological, and neural aspects of this are well studied when information about risk is provided explicitly. However, we must normally learn about outcomes from experience, through trial and error. Traditional models of such reinforcement learning focus on learn}, } ","Humans and animals are exquisitely, though idiosyncratically, sensitive to risk or variance in the outcomes of their actions. Economic, psychological, and neural aspects of this are well studied when information about risk is provided explicitly. However, we must normally learn about outcomes from experience, through trial and error. Traditional models of such reinforcement learning focus on learning about the mean reward value of cues and ignore higher order moments such as variance. We used fMRI to test whether the neural correlates of human reinforcement learning are sensitive to experienced risk. Our analysis focused on anatomically delineated regions of a priori interest in the nucleus accumbens, where blood oxygenation level-dependent (BOLD) signals have been suggested as correlating with quantities derived from reinforcement learning. We first provide unbiased evidence that the raw BOLD signal in these regions corresponds closely to a reward prediction error. We then derive from this signal the learned values of cues that predict rewards of equal mean but different variance and show that these values are indeed modulated by experienced risk. Moreover, a close neurometric-psychometric coupling exists between the fluctuations of the experience-based evaluations of risky options that we measured neurally and the fluctuations in behavioral risk aversion. This suggests that risk sensitivity is integral to human learning, illuminating economic models of choice, neuroscientific models of affective learning, and the workings of the underlying neural mechanisms.",cvar_risk,400,openalex,True,supporting,,2026-04-10T17:32:21.127577+00:00
P0092,Risk-sensitive reinforcement learning applied to control under constraints,Peter Geibel; Fritz Wysotzki,2005,,,,,"GEIBEL, Peter et al.. Risk-sensitive reinforcement learning applied to control under constraints. s.l., 2005.",Geibel2005,"@misc{Geibel2005,   title = {{Risk-sensitive reinforcement learning applied to control under constraints}},   author = {Peter Geibel and Fritz Wysotzki},   year = {2005},   journal = {},   abstract = {In this paper, we consider Markov Decision Processes (MDPs) with error states. Error states are those states entering which is undesirable or dangerous. We define the risk with respect to a policy as the probability of entering such a state when the policy is pursued. We consider the problem of finding good policies whose risk is smaller than some user-specified threshold, and formalize it as a co}, } ","In this paper, we consider Markov Decision Processes (MDPs) with error states. Error states are those states entering which is undesirable or dangerous. We define the risk with respect to a policy as the probability of entering such a state when the policy is pursued. We consider the problem of finding good policies whose risk is smaller than some user-specified threshold, and formalize it as a constrained MDP with two criteria. The first criterion corresponds to the value function originally given. We will show that the risk can be formulated as a second criterion function based on a cumulative return, whose definition is independent of the original value function. We present a model free, heuristic reinforcement learning algorithm that aims at finding good deterministic policies. It is based on weighting the original value function and the risk. The weight parameter is adapted in order to find a feasible solution for the constrained problem that has a good performance with respect to the value function. The algorithm was successfully applied to the control of a feed tank with stochastic inflows that lies upstream of a distillation column. This control task was originally formulated as an optimal control problem with chance constraints, and it was solved under certain assumptions on the model to obtain an optimal solution. The power of our learning algorithm is that it can be used even when some of these restrictive assumptions are relaxed. 1.",cvar_risk,204,openalex,False,supporting,,2026-04-10T17:32:21.127577+00:00
P0093,Risk-Sensitive Reinforcement Learning: A Constrained Optimization Viewpoint.,L. A. Prashanth; Michael C. Fu,2018,arXiv (Cornell University),,,,"PRASHANTH, L. A. et al.. Risk-Sensitive Reinforcement Learning: A Constrained Optimization Viewpoint.. arXiv (Cornell University), 2018.",Prashanth2018,"@article{Prashanth2018,   title = {{Risk-Sensitive Reinforcement Learning: A Constrained Optimization Viewpoint.}},   author = {L. A. Prashanth and Michael C. Fu},   year = {2018},   journal = {arXiv (Cornell University)},   abstract = {The classic objective in a reinforcement learning (RL) problem is to find a policy that minimizes, in expectation, a long-run objective such as the infinite-horizon discounted or long-run average cost. In many practical applications, optimizing the expected value alone is not sufficient, and it may be necessary to include a risk measure in the optimization process, either as the objective or as a }, } ","The classic objective in a reinforcement learning (RL) problem is to find a policy that minimizes, in expectation, a long-run objective such as the infinite-horizon discounted or long-run average cost. In many practical applications, optimizing the expected value alone is not sufficient, and it may be necessary to include a risk measure in the optimization process, either as the objective or as a constraint. Various risk measures have been proposed in the literature, e.g., mean-variance tradeoff, exponential utility, the percentile performance, value at risk, conditional value at risk, prospect theory and its later enhancement, cumulative prospect theory. In this article, we focus on the combination of risk criteria and reinforcement learning in a constrained optimization framework, i.e., a setting where the goal to find a policy that optimizes the usual objective of infinite-horizon discounted/average cost, while ensuring that an explicit risk constraint is satisfied. We introduce the risk-constrained RL framework, cover popular risk measures based on variance, conditional value-at-risk and cumulative prospect theory, and present a template for a risk-sensitive RL algorithm. We survey some of our recent work on this topic, covering problems encompassing discounted cost, average cost, and stochastic shortest path settings, together with the aforementioned risk measures in a constrained framework. This non-exhaustive survey is aimed at giving a flavor of the challenges involved in solving a risk-sensitive RL problem, and outlining some potential future research directions.",cvar_risk,26,openalex,False,supporting,,2026-04-10T17:32:21.127577+00:00
P0094,DYNAMIC PORTFOLIO OPTIMIZATION WITH A DEFAULTABLE SECURITY AND REGIME‐SWITCHING,Agostino Capponi; José E. Figueroa‐López,2012,Mathematical Finance,10.1111/j.1467-9965.2012.00522.x,https://doi.org/10.1111/j.1467-9965.2012.00522.x,,"CAPPONI, Agostino et al.. DYNAMIC PORTFOLIO OPTIMIZATION WITH A DEFAULTABLE SECURITY AND REGIME‐SWITCHING. Mathematical Finance, 2012.",Capponi2012,"@article{Capponi2012,   title = {{DYNAMIC PORTFOLIO OPTIMIZATION WITH A DEFAULTABLE SECURITY AND REGIME‐SWITCHING}},   author = {Agostino Capponi and José E. Figueroa‐López},   year = {2012},   journal = {Mathematical Finance},   doi = {10.1111/j.1467-9965.2012.00522.x},   abstract = {We consider a portfolio optimization problem in a defaultable market with finitely‐many economical regimes, where the investor can dynamically allocate her wealth among a defaultable bond, a stock, and a money market account. The market coefficients are assumed to depend on the market regime in place, which is modeled by a finite state continuous time Markov process. By separating the utility maxi}, } ","We consider a portfolio optimization problem in a defaultable market with finitely‐many economical regimes, where the investor can dynamically allocate her wealth among a defaultable bond, a stock, and a money market account. The market coefficients are assumed to depend on the market regime in place, which is modeled by a finite state continuous time Markov process. By separating the utility maximization problem into a predefault and postdefault component, we deduce two coupled Hamilton–Jacobi–Bellman equations for the post‐ and predefault optimal value functions, and show a novel verification theorem for their solutions. We obtain explicit constructions of value functions and investment strategies for investors with logarithmic and Constant Relative Risk Aversion utilities, and provide a precise characterization of the directionality of the bond investment strategies in terms of corporate returns, forward rates, and expected recovery at default. We illustrate the dependence of the optimal strategies on time, losses given default, and risk aversion level of the investor through a detailed economic and numerical analysis.",regimes,88,openalex,True,supporting,,2026-04-10T17:32:21.127577+00:00
P0095,Portfolio optimization in a regime-switching market with derivatives,Jun Fu; Jiaqin Wei; Hailiang Yang,2013,European Journal of Operational Research,10.1016/j.ejor.2013.08.033,https://doi.org/10.1016/j.ejor.2013.08.033,,"FU, Jun et al.. Portfolio optimization in a regime-switching market with derivatives. European Journal of Operational Research, 2013.",Fu2013,"@article{Fu2013,   title = {{Portfolio optimization in a regime-switching market with derivatives}},   author = {Jun Fu and Jiaqin Wei and Hailiang Yang},   year = {2013},   journal = {European Journal of Operational Research},   doi = {10.1016/j.ejor.2013.08.033}, } ",,regimes,50,openalex,True,supporting,,2026-04-10T17:32:21.127577+00:00
P0096,Risk parity portfolio optimization under a Markov regime-switching framework,Giorgio Costa; Roy H. Kwon,2018,Quantitative Finance,10.1080/14697688.2018.1486036,https://doi.org/10.1080/14697688.2018.1486036,,"COSTA, Giorgio et al.. Risk parity portfolio optimization under a Markov regime-switching framework. Quantitative Finance, 2018.",Costa2018,"@article{Costa2018,   title = {{Risk parity portfolio optimization under a Markov regime-switching framework}},   author = {Giorgio Costa and Roy H. Kwon},   year = {2018},   journal = {Quantitative Finance},   doi = {10.1080/14697688.2018.1486036},   abstract = {We formulate and solve a risk parity optimization problem under a Markov regime-switching framework to improve parameter estimation and to systematically mitigate the sensitivity of optimal portfolios to estimation error. A regime-switching factor model of returns is introduced to account for the abrupt changes in the behaviour of economic time series associated with financial cycles. This model i}, } ","We formulate and solve a risk parity optimization problem under a Markov regime-switching framework to improve parameter estimation and to systematically mitigate the sensitivity of optimal portfolios to estimation error. A regime-switching factor model of returns is introduced to account for the abrupt changes in the behaviour of economic time series associated with financial cycles. This model incorporates market dynamics in an effort to improve parameter estimation. We proceed to use this model for risk parity optimization and also consider the construction of a robust version of the risk parity optimization by introducing uncertainty structures to the estimated market parameters. We test our model by constructing a regime-switching risk parity portfolio based on the Fama–French three-factor model. The out-of-sample computational results show that a regime-switching risk parity portfolio can consistently outperform its nominal counterpart, maintaining a similar ex post level of risk while delivering higher-than-nominal returns over a long-term investment horizon. Moreover, we present a dynamic portfolio rebalancing policy that further magnifies the benefits of a regime-switching portfolio.",regimes,45,openalex,True,supporting,,2026-04-10T17:32:21.127577+00:00
P0097,Multi-Period Portfolio Optimization with Investor Views under Regime Switching,Razvan Oprisor; Roy H. Kwon,2020,Journal of risk and financial management,10.3390/jrfm14010003,https://doi.org/10.3390/jrfm14010003,https://www.mdpi.com/1911-8074/14/1/3/pdf?version=1609850485,"OPRISOR, Razvan et al.. Multi-Period Portfolio Optimization with Investor Views under Regime Switching. Journal of risk and financial management, 2020.",Oprisor2020,"@article{Oprisor2020,   title = {{Multi-Period Portfolio Optimization with Investor Views under Regime Switching}},   author = {Razvan Oprisor and Roy H. Kwon},   year = {2020},   journal = {Journal of risk and financial management},   doi = {10.3390/jrfm14010003},   abstract = {We propose a novel multi-period trading model that allows portfolio managers to perform optimal portfolio allocation while incorporating their interpretable investment views. This model’s significant advantage is its intuitive and reactive design that incorporates the latest asset return regimes to quantitatively solve managers’ question: how certain should one be that a given investment view is o}, } ","We propose a novel multi-period trading model that allows portfolio managers to perform optimal portfolio allocation while incorporating their interpretable investment views. This model’s significant advantage is its intuitive and reactive design that incorporates the latest asset return regimes to quantitatively solve managers’ question: how certain should one be that a given investment view is occurring? First, we describe a framework for multi-period portfolio allocation formulated as a convex optimization problem that trades off expected return, risk and transaction costs. Using a framework borrowed from model predictive control introduced by Boyd et al., we employ optimization to plan a sequence of trades using forecasts of future quantities, only the first set being executed. Multi-period trading lends itself to dynamic readjustment of the portfolio when gaining new information. Second, we use the Black-Litterman model to combine investment views specified in a simple linear combination based format with the market portfolio. A data-driven method to adjust the confidence in the manager’s views by comparing them to dynamically updated regime-switching forecasts is proposed. Our contribution is to incorporate both multi-period trading and interpretable investment views into one framework and offer a novel method of using regime-switching to determine each view’s confidence. This method replaces portfolio managers’ need to provide estimated confidence levels for their views, substituting them with a dynamic quantitative approach. The framework is reactive, tractable and tested on 15 years of daily historical data. In a numerical example, this method’s benefits are found to deliver higher excess returns for the same degree of risk in both the case when an investment view proves to be correct, but, more notably, also the case when a view proves to be incorrect. To facilitate ease of use and future research, we also developed an open-source software library that replicates our results.",regimes,20,openalex,True,supporting,,2026-04-10T17:32:21.127577+00:00
P0098,A Portfolio Optimization Model with Regime-Switching Risk Factors for Sector Exchange Traded Funds,Ying Ma; Leonard C. MacLean; Kuan Xu; Yonggan Zhao,2011,,,,,"MA, Ying et al.. A Portfolio Optimization Model with Regime-Switching Risk Factors for Sector Exchange Traded Funds. s.l., 2011.",Ma2011,"@misc{Ma2011,   title = {{A Portfolio Optimization Model with Regime-Switching Risk Factors for Sector Exchange Traded Funds}},   author = {Ying Ma and Leonard C. MacLean and Kuan Xu and Yonggan Zhao},   year = {2011},   journal = {},   abstract = {This paper develops a portfolio optimization model with a market neutral strat-egy under a Markov regime-switching framework. The selected investment in-struments consist of the nine sector exchange traded funds (ETFs) that represent the U.S. stock market. The Bayesian information criterion is used to determine the optimal number of regimes. The investment objective is to dynamically maxi-mize the}, } ","This paper develops a portfolio optimization model with a market neutral strat-egy under a Markov regime-switching framework. The selected investment in-struments consist of the nine sector exchange traded funds (ETFs) that represent the U.S. stock market. The Bayesian information criterion is used to determine the optimal number of regimes. The investment objective is to dynamically maxi-mize the portfolio alpha (excess return over the T-Bill) subject to neutralization of the portfolio sensitivities to the selected risk factors. The portfolio risk exposures are shown to change with various style and macro factors over time. The maxi-mization problem in this context can be established as a regime-dependent linear programming problem. The optimal portfolio constructed as such is expected to outperform a naive benchmark strategy, which equally weights the ETFs. We evaluate the in-sample and out-of-sample performance of the regime-dependent market neutral strategy against the equally weighted strategy. We find that the former generally outperforms the latter. 2 1",regimes,20,openalex,False,supporting,,2026-04-10T17:32:21.127577+00:00
P0099,Portfolio Optimization Under Regime Switching and Transaction Costs: Combining Neural Networks and Dynamic Programs,Xiaoyue Li; John M. Mulvey,2021,INFORMS Journal on Optimization,10.1287/ijoo.2021.0053,https://doi.org/10.1287/ijoo.2021.0053,,"LI, Xiaoyue et al.. Portfolio Optimization Under Regime Switching and Transaction Costs: Combining Neural Networks and Dynamic Programs. INFORMS Journal on Optimization, 2021.",Li2021,"@article{Li2021,   title = {{Portfolio Optimization Under Regime Switching and Transaction Costs: Combining Neural Networks and Dynamic Programs}},   author = {Xiaoyue Li and John M. Mulvey},   year = {2021},   journal = {INFORMS Journal on Optimization},   doi = {10.1287/ijoo.2021.0053},   abstract = {The contributions of this paper are threefold. First, by combining dynamic programs and neural networks, we provide an efficient numerical method to solve a large multiperiod portfolio allocation problem under regime-switching market and transaction costs. Second, the performance of our combined method is shown to be close to optimal in a stylized case. To our knowledge, this is the first paper to}, } ","The contributions of this paper are threefold. First, by combining dynamic programs and neural networks, we provide an efficient numerical method to solve a large multiperiod portfolio allocation problem under regime-switching market and transaction costs. Second, the performance of our combined method is shown to be close to optimal in a stylized case. To our knowledge, this is the first paper to carry out such a comparison. Last, the superiority of the combined method opens up the possibility for more research on financial applications of generic methods, such as neural networks, provided that solutions to simplified subproblems are available via traditional methods. The research on combining fast starts with neural networks began about four years ago. We observed that Professor Weinan E’s approach for solving systems of differential equations by neural networks had much improved performance when starting close to an optimal solution and could stall if the current iterate was far from an optimal solution. As we all know, this behavior is common with Newton- based algorithms. As a consequence, we discovered that combining a system of differential equations with a feedforward neural network could much improve overall computational performance. In this paper, we follow a similar direction for dynamic portfolio optimization within a regime-switching market with transaction costs. It investigates how to improve efficiency by combining dynamic programming with a recurrent neural network. Traditional methods face the curse of dimensionality. In contrast, the running time of our combined approach grows approximately linearly with the number of risky assets. It is inspiring to explore the possibilities of combined methods in financial management, believing a careful linkage of existing dynamic optimization algorithms and machine learning will be an active domain going forward. Relationship of the authors: Professor John M. Mulvey is Xiaoyue Li’s doctoral advisor.",regimes,15,openalex,True,supporting,,2026-04-10T17:32:21.127577+00:00
P0100,Risk Sensitive Portfolio Optimization with Default Contagion and Regime-Switching,Lijun Bo; Huafu Liao; Xiang Yu,2019,SIAM Journal on Control and Optimization,10.1137/18m1166274,https://doi.org/10.1137/18m1166274,http://ira.lib.polyu.edu.hk/bitstream/10397/89350/3/18m1166274.pdf,"BO, Lijun et al.. Risk Sensitive Portfolio Optimization with Default Contagion and Regime-Switching. SIAM Journal on Control and Optimization, 2019.",Bo2019,"@article{Bo2019,   title = {{Risk Sensitive Portfolio Optimization with Default Contagion and Regime-Switching}},   author = {Lijun Bo and Huafu Liao and Xiang Yu},   year = {2019},   journal = {SIAM Journal on Control and Optimization},   doi = {10.1137/18m1166274},   abstract = {We study an open problem of risk-sensitive portfolio allocation in a regime-switching credit market with default contagion. The state space of the Markovian regime-switching process is assumed to be a countably infinite set. To characterize the value function, we investigate the corresponding recursive infinite-dimensional nonlinear dynamical programming equations (DPEs) based on default states. W}, } ","We study an open problem of risk-sensitive portfolio allocation in a regime-switching credit market with default contagion. The state space of the Markovian regime-switching process is assumed to be a countably infinite set. To characterize the value function, we investigate the corresponding recursive infinite-dimensional nonlinear dynamical programming equations (DPEs) based on default states. We propose working in the following procedure: Applying the theory of monotone dynamical systems, we first establish the existence and uniqueness of classical solutions to the recursive DPEs by a truncation argument in the finite state space. The associated optimal feedback strategy is characterized by developing a rigorous verification theorem. Building upon results in the first stage, we construct a sequence of approximating risk-sensitive control problems with finite states and prove that the resulting smooth value functions will converge to the classical solution of the original system of DPEs. The construction and approximation of the optimal feedback strategy for the original problem are also thoroughly discussed.",regimes,11,openalex,True,supporting,,2026-04-10T17:32:21.127577+00:00
P0101,Data-Driven Distributionally Robust CVaR Portfolio Optimization Under A Regime-Switching Ambiguity Set,Chi Seng Pun; Tianyu Wang; Zhenzhen Yan,2023,Manufacturing & Service Operations Management,10.1287/msom.2023.1229,https://doi.org/10.1287/msom.2023.1229,,"PUN, Chi Seng et al.. Data-Driven Distributionally Robust CVaR Portfolio Optimization Under A Regime-Switching Ambiguity Set. Manufacturing & Service Operations Management, 2023.",Pun2023,"@article{Pun2023,   title = {{Data-Driven Distributionally Robust CVaR Portfolio Optimization Under A Regime-Switching Ambiguity Set}},   author = {Chi Seng Pun and Tianyu Wang and Zhenzhen Yan},   year = {2023},   journal = {Manufacturing & Service Operations Management},   doi = {10.1287/msom.2023.1229},   abstract = {Problem definition: Nonstationarity of the random environment is a critical yet challenging concern in decision-making under uncertainty. We illustrate the challenge from the nonstationarity and the solution framework using the portfolio selection problem, a typical decision problem in a time-varying financial market. Methodology/Results: This paper models the nonstationarity by a regime-switching}, } ","Problem definition: Nonstationarity of the random environment is a critical yet challenging concern in decision-making under uncertainty. We illustrate the challenge from the nonstationarity and the solution framework using the portfolio selection problem, a typical decision problem in a time-varying financial market. Methodology/Results: This paper models the nonstationarity by a regime-switching ambiguity set. In particular, we incorporate the time-varying feature of the stochastic environment into the traditional Wasserstein ambiguity set to build our regime-switching ambiguity set. This modeling framework has strong financial interpretations because the financial market is exposed to different economic cycles. We show that the proposed distributional optimization framework is computationally tractable. We further provide a general data-driven portfolio allocation framework based on a covariate-based estimation and a hidden Markov model. We prove that the approach can include the underlying distribution with a high probability when the sample size is larger than a quantitative bound, from which we further analyze the quality of the obtained portfolio. Extensive empirical studies are conducted to show that the proposed portfolio consistently outperforms the equally weighted portfolio (the 1/N strategy) and other benchmarks across both time and data sets. In particular, we show that the proposed portfolio exhibited a prompt response to the regime change in the 2008 financial crisis by reallocating the wealth into appropriate asset classes on account of the time-varying feature of our proposed model. Managerial implications: The proposed framework helps decision-makers hedge against time-varying uncertainties. Specifically, applying the proposed framework to portfolio selection problems helps investors respond promptly to the regime change in financial markets and adjust their portfolio allocation accordingly. Funding: This work was supported by the Neptune Orient Lines Fellowship [NOL21RP04], Singapore Ministry of Education Academic Research Fund Tier 2 [MOE-T2EP20220-0013], and Singapore Ministry of Education Academic Research Fund Tier 1 [Grant RG17/21]. Supplemental Material: The e-companion is available at https://doi.org/10.1287/msom.2023.1229",regimes,10,openalex,True,supporting,,2026-04-10T17:32:21.127577+00:00
P0102,Convex duality in constrained mean-variance portfolio optimization under a regime-switching model,Catherine Donnelly,2008,UWSpace (University of Waterloo),,,http://hdl.handle.net/10012/4004,"DONNELLY, Catherine. Convex duality in constrained mean-variance portfolio optimization under a regime-switching model. UWSpace (University of Waterloo), 2008.",Donnelly2008,"@article{Donnelly2008,   title = {{Convex duality in constrained mean-variance portfolio optimization under a regime-switching model}},   author = {Catherine Donnelly},   year = {2008},   journal = {UWSpace (University of Waterloo)},   abstract = {In this thesis, we solve a mean-variance portfolio optimization problem with portfolio constraints under a regime-switching model. Specifically, we seek a portfolio process which minimizes the variance of the terminal wealth, subject to a terminal wealth constraint and convex portfolio constraints. The regime-switching is modeled using a finite state space, continuous-time Markov chain and the mar}, } ","In this thesis, we solve a mean-variance portfolio optimization problem with portfolio constraints under a regime-switching model. Specifically, we seek a portfolio process which minimizes the variance of the terminal wealth, subject to a terminal wealth constraint and convex portfolio constraints. The regime-switching is modeled using a finite state space, continuous-time Markov chain and the market parameters are allowed to be random processes. The solution to this problem is of interest to investors in financial markets, such as pension funds, insurance companies and individuals.&#13;\n&#13;\nWe establish the existence and characterization of the solution to the given problem using a convex duality method. We encode the constraints on the given problem as static penalty functions in order to derive the primal problem. Next, we synthesize the dual problem from the primal problem using convex conjugate functions. We show that the solution to the dual problem exists. From the construction of the dual problem, we find a set of necessary and sufficient conditions for the primal and dual problems to each have a solution. Using these conditions, we can show the existence of the solution to the given problem and characterize it in terms of the market parameters and the solution to the dual problem.&#13;\n&#13;\nThe results of the thesis lay the foundation to find an actual solution to the given problem, by looking at specific examples. If we can find the solution to the dual problem for a specific example, then, using the characterization of the solution to the given problem, we may be able to find the actual solution to the specific example.&#13;\n&#13;\nIn order to use the convex duality method, we have to prove a martingale representation theorem for processes which are locally square-integrable martingales with respect to the filtration generated by a Brownian motion and a finite state space, continuous-time Markov chain. This result may be of interest in problems involving regime-switching models which require a martingale representation theorem.",regimes,7,openalex,False,supporting,,2026-04-10T17:32:21.127577+00:00
P0103,Portfolio Optimization on Multivariate Regime-Switching GARCH Model with Normal Tempered Stable Innovation,Cheng Peng; Young Shin Kim; Stefan Mittnik,2022,Journal of risk and financial management,10.3390/jrfm15050230,https://doi.org/10.3390/jrfm15050230,https://www.mdpi.com/1911-8074/15/5/230/pdf?version=1653299575,"PENG, Cheng et al.. Portfolio Optimization on Multivariate Regime-Switching GARCH Model with Normal Tempered Stable Innovation. Journal of risk and financial management, 2022.",Peng2022,"@article{Peng2022,   title = {{Portfolio Optimization on Multivariate Regime-Switching GARCH Model with Normal Tempered Stable Innovation}},   author = {Cheng Peng and Young Shin Kim and Stefan Mittnik},   year = {2022},   journal = {Journal of risk and financial management},   doi = {10.3390/jrfm15050230},   abstract = {This paper uses simulation-based portfolio optimization to mitigate the left tail risk of the portfolio. The contribution is twofold. (i) We propose the Markov regime-switching GARCH model with multivariate normal tempered stable innovation (MRS-MNTS-GARCH) to accommodate fat tails, volatility clustering and regime switch. The volatility of each asset independently follows the regime-switch GARCH }, } ","This paper uses simulation-based portfolio optimization to mitigate the left tail risk of the portfolio. The contribution is twofold. (i) We propose the Markov regime-switching GARCH model with multivariate normal tempered stable innovation (MRS-MNTS-GARCH) to accommodate fat tails, volatility clustering and regime switch. The volatility of each asset independently follows the regime-switch GARCH model, while the correlation of joint innovation of the GARCH models follows the Hidden Markov Model. (ii) We use tail risk measures, namely conditional value-at-risk (CVaR) and conditional drawdown-at-risk (CDaR), in the portfolio optimization. The optimization is performed with the sample paths simulated by the MRS-MNTS-GARCH model. We conduct an empirical study on the performance of optimal portfolios. Out-of-sample tests show that the optimal portfolios with tail measures outperform the optimal portfolio with standard deviation measure and the equally weighted portfolio in various performance measures. The out-of-sample performance of the optimal portfolios is also more robust to suboptimality on the efficient frontier.",regimes,4,openalex,True,supporting,,2026-04-10T17:32:21.127577+00:00
P0104,A Machine Learning Approach in Regime-Switching Risk Parity Portfolios,A. Sinem Uysal; John M. Mulvey,2021,The Journal of Financial Data Science,10.3905/jfds.2021.1.057,https://doi.org/10.3905/jfds.2021.1.057,,"UYSAL, A. Sinem et al.. A Machine Learning Approach in Regime-Switching Risk Parity Portfolios. The Journal of Financial Data Science, 2021.",Uysal2021,"@article{Uysal2021,   title = {{A Machine Learning Approach in Regime-Switching Risk Parity Portfolios}},   author = {A. Sinem Uysal and John M. Mulvey},   year = {2021},   journal = {The Journal of Financial Data Science},   doi = {10.3905/jfds.2021.1.057},   abstract = {The authors present a machine learning approach to regime-based asset allocation. The framework consists of two primary components: (1) regime modeling and prediction and (2) identifying a regime-based strategy to enhance the performance of a risk parity portfolio. For the former, they apply supervised learning algorithms, including the random forest, based on a large macroeconomic database to est}, } ","The authors present a machine learning approach to regime-based asset allocation. The framework consists of two primary components: (1) regime modeling and prediction and (2) identifying a regime-based strategy to enhance the performance of a risk parity portfolio. For the former, they apply supervised learning algorithms, including the random forest, based on a large macroeconomic database to estimate the probability of an upcoming recession or a stock market contraction. Out-of-sample tests show the reliability of these predictions, especially for recessions in the United States, over the period 1973 to 2020. The probability estimates are linked to a dynamic investment overlay strategy. The combined approach improves risk-adjusted returns by a substantial amount over nominal risk parity in two-asset and multi-asset test cases, even during rising interest rates in the late 1970s. <bold>TOPICS:</bold> <ext-link>Big data/machine learning</ext-link>, <ext-link>portfolio construction</ext-link>, <ext-link>performance measurement</ext-link> <bold>Key Findings</bold> <list><list-item> ▪ We examine a regime prediction problem with supervised learning approaches and implement regime-switching risk parity portfolios. </list-item><list-item> ▪ All recession periods after 1973 are captured by the random forest model, and stock market regime predictions lead to better portfolio performance. </list-item><list-item> ▪ Regime-switching models enhance risk parity portfolios, even during a rising interest rate period. Regime-based overlay strategies provide higher risk-adjusted returns in risk parity strategies. </list-item></list>",regimes,25,openalex,True,supporting,,2026-04-10T17:32:21.127577+00:00
P0105,The Capital Asset Pricing Model: Theory and Evidence,Eugene F. Fama; Kenneth R. French,2004,The Journal of Economic Perspectives,10.1257/0895330042162430,https://doi.org/10.1257/0895330042162430,https://www.aeaweb.org/articles/pdf/doi/10.1257/0895330042162430,"FAMA, Eugene F. et al.. The Capital Asset Pricing Model: Theory and Evidence. The Journal of Economic Perspectives, 2004.",Fama2004,"@article{Fama2004,   title = {{The Capital Asset Pricing Model: Theory and Evidence}},   author = {Eugene F. Fama and Kenneth R. French},   year = {2004},   journal = {The Journal of Economic Perspectives},   doi = {10.1257/0895330042162430},   abstract = {The capital asset pricing model (CAPM) of William Sharpe (1964) and John Lintner (1965) marks the birth of asset pricing theory (resulting in a Nobel Prize for Sharpe in 1990). Before their breakthrough, there were no asset pricing models built from first principles about the nature of tastes and investment opportunities and with clear testable predictions about risk and return. Four decades later}, } ","The capital asset pricing model (CAPM) of William Sharpe (1964) and John Lintner (1965) marks the birth of asset pricing theory (resulting in a Nobel Prize for Sharpe in 1990). Before their breakthrough, there were no asset pricing models built from first principles about the nature of tastes and investment opportunities and with clear testable predictions about risk and return. Four decades later, the CAPM is still widely used in applications, such as estimating the cost of equity capital for firms and evaluating the performance of managed portfolios. And it is the centerpiece, indeed often the only asset pricing model taught in MBA level investment courses. The attraction of the CAPM is its powerfully simple logic and intuitively pleasing predictions about how to measure risk and about the relation between expected return and risk. Unfortunately, perhaps because of its simplicity, the empirical record of the model is poor - poor enough to invalidate the way it is used in applications. The model's empirical problems may reflect true failings. (It is, after all, just a model.) But they may also be due to shortcomings of the empirical tests, most notably, poor proxies for the market portfolio of invested wealth, which plays a central role in the model's predictions. We argue, however, that if the market proxy problem invalidates tests of the model, it also invalidates most applications, which typically borrow the market proxies used in empirical tests. For perspective on the CAPM's predictions about risk and expected return, we begin with a brief summary of its logic. We then review the history of empirical work on the model and what it says about shortcomings of the CAPM that pose challenges to be explained by more complicated models.",regimes,1912,openalex,True,supporting,,2026-04-10T17:32:21.127577+00:00
P0106,From Efficient Markets Theory to Behavioral Finance,Robert J. Shiller,2003,The Journal of Economic Perspectives,10.1257/089533003321164967,https://doi.org/10.1257/089533003321164967,https://www.aeaweb.org/articles/pdf/doi/10.1257/089533003321164967,"SHILLER, Robert J.. From Efficient Markets Theory to Behavioral Finance. The Journal of Economic Perspectives, 2003.",Shiller2003,"@article{Shiller2003,   title = {{From Efficient Markets Theory to Behavioral Finance}},   author = {Robert J. Shiller},   year = {2003},   journal = {The Journal of Economic Perspectives},   doi = {10.1257/089533003321164967},   abstract = {The efficient markets theory reached the height of its dominance in academic circles around the 1970s. Faith in this theory was eroded by a succession of discoveries of anomalies, many in the 1980s, and of evidence of excess volatility of returns. Finance literature in this decade and after suggests a more nuanced view of the value of the efficient markets theory, and, starting in the 1990s, a blo}, } ","The efficient markets theory reached the height of its dominance in academic circles around the 1970s. Faith in this theory was eroded by a succession of discoveries of anomalies, many in the 1980s, and of evidence of excess volatility of returns. Finance literature in this decade and after suggests a more nuanced view of the value of the efficient markets theory, and, starting in the 1990s, a blossoming of research on behavioral finance. Some important developments since 1990 include feedback theories, models of the interaction of smart money with ordinary investors, and evidence on obstacles to smart money.",regimes,1726,openalex,True,context,,2026-04-10T17:32:21.127577+00:00
P0107,Vector Autoregressions,James H. Stock; Mark W. Watson,2001,The Journal of Economic Perspectives,10.1257/jep.15.4.101,https://doi.org/10.1257/jep.15.4.101,https://www.aeaweb.org/articles/pdf/doi/10.1257/jep.15.4.101,"STOCK, James H. et al.. Vector Autoregressions. The Journal of Economic Perspectives, 2001.",Stock2001,"@article{Stock2001,   title = {{Vector Autoregressions}},   author = {James H. Stock and Mark W. Watson},   year = {2001},   journal = {The Journal of Economic Perspectives},   doi = {10.1257/jep.15.4.101},   abstract = {This paper critically reviews the use of vector autoregressions (VARs) for four tasks: data description, forecasting, structural inference, and policy analysis. The paper begins with a review of VAR analysis, highlighting the differences between reduced-form VARs, recursive VARs and structural VARs. A three variable VAR that includes the unemployment rate, price inflation and the short term intere}, } ","This paper critically reviews the use of vector autoregressions (VARs) for four tasks: data description, forecasting, structural inference, and policy analysis. The paper begins with a review of VAR analysis, highlighting the differences between reduced-form VARs, recursive VARs and structural VARs. A three variable VAR that includes the unemployment rate, price inflation and the short term interest rate is used to show how VAR methods are used for the four tasks. The paper concludes that VARs have proven to be powerful and reliable tools for data description and forecasting, but have been less useful for structural inference and policy analysis.",regimes,1108,openalex,True,context,,2026-04-10T17:32:21.127577+00:00
P0108,Does the “New Economy” Measure up to the Great Inventions of the Past?,Robert J. Gordon,2000,The Journal of Economic Perspectives,10.1257/jep.14.4.49,https://doi.org/10.1257/jep.14.4.49,https://www.aeaweb.org/articles/pdf/doi/10.1257/jep.14.4.49,"GORDON, Robert J.. Does the “New Economy” Measure up to the Great Inventions of the Past?. The Journal of Economic Perspectives, 2000.",Gordon2000,"@article{Gordon2000,   title = {{Does the “New Economy” Measure up to the Great Inventions of the Past?}},   author = {Robert J. Gordon},   year = {2000},   journal = {The Journal of Economic Perspectives},   doi = {10.1257/jep.14.4.49},   abstract = {During the four years 1995-99 U.S. productivity growth experienced a strong revival and achieved growth rates exceeding that of the “golden age” of 1913-72. Accordingly many observers have declared the “New Economy” to be an Industrial Revolution even more important than the Second Industrial Revolution of 1860-1900, which made the golden age of productivity growth possible. This paper dissects th}, } ","During the four years 1995-99 U.S. productivity growth experienced a strong revival and achieved growth rates exceeding that of the “golden age” of 1913-72. Accordingly many observers have declared the “New Economy” to be an Industrial Revolution even more important than the Second Industrial Revolution of 1860-1900, which made the golden age of productivity growth possible. This paper dissects the recent productivity revival, subtracts out a cyclical component, and concludes that there is no revival of the productivity growth trend in the 88 percent of the private economy lying outside of the durables manufacturing sector. The paper explains this surprising finding by pointing to limitations in computers and the internet in comparison with the great inventions of the past.",regimes,1223,openalex,True,context,,2026-04-10T17:32:21.127577+00:00
P0109,Explainable Machine Learning for Regime-Based Asset Allocation,Ruoyun Zhang; Chao Yi; Yixin Chen,2020,2020 IEEE International Conference on Big Data (Big Data),10.1109/bigdata50022.2020.9378332,https://doi.org/10.1109/bigdata50022.2020.9378332,,"ZHANG, Ruoyun et al.. Explainable Machine Learning for Regime-Based Asset Allocation. 2020 IEEE International Conference on Big Data (Big Data), 2020.",Zhang2020,"@article{Zhang2020,   title = {{Explainable Machine Learning for Regime-Based Asset Allocation}},   author = {Ruoyun Zhang and Chao Yi and Yixin Chen},   year = {2020},   journal = {2020 IEEE International Conference on Big Data (Big Data)},   doi = {10.1109/bigdata50022.2020.9378332},   abstract = {This paper explores an explainable AI model in the financial industry. Macroeconomic and market data serve as inputs of Hierarchical Clustering to distinguish among different economic regimes. Compared with traditional models such as Investment Clock, this method can adjust the classification standard in time according to recent market sentiment. The regime, therefore, can be interpreted by not on}, } ","This paper explores an explainable AI model in the financial industry. Macroeconomic and market data serve as inputs of Hierarchical Clustering to distinguish among different economic regimes. Compared with traditional models such as Investment Clock, this method can adjust the classification standard in time according to recent market sentiment. The regime, therefore, can be interpreted by not only macro indicators but also investors' mood swings using Artificial Intelligence. When we compute the statistical characteristics of returns of each asset, we find that they can be well distinguished among regimes. This method can also identify the abnormally large wave of the stock market from 2015 to 2016 by separating it as an unusual regime, which cannot be realized by traditional methods. The clustering technique enables us to explain and understand the current market status and predict different assets' performances. Therefore, thanks to the superior interpretability of AI, the mean and variance of returns in each regime are estimated and viewed as viewpoints of the Black-Litterman asset allocation model to construct portfolios. To simulate the real situation, a dynamic backtesting method is used and asset weights change because of the rolling time windows. The results show that equipped with a simple timing strategy, the clustering technique can improve the results and yield excess returns. Some other machine learning techniques are also applied in an attempt to improve the model.",regimes,11,openalex,True,supporting,,2026-04-10T17:32:21.127577+00:00
P0110,Endogenous Innovation in the Theory of Growth,Gene M. Grossman; Elhanan Helpman,1994,The Journal of Economic Perspectives,10.1257/jep.8.1.23,https://doi.org/10.1257/jep.8.1.23,https://www.aeaweb.org/articles/pdf/doi/10.1257/jep.8.1.23,"GROSSMAN, Gene M. et al.. Endogenous Innovation in the Theory of Growth. The Journal of Economic Perspectives, 1994.",Grossman1994,"@article{Grossman1994,   title = {{Endogenous Innovation in the Theory of Growth}},   author = {Gene M. Grossman and Elhanan Helpman},   year = {1994},   journal = {The Journal of Economic Perspectives},   doi = {10.1257/jep.8.1.23},   abstract = {This paper makes the case that purposive, profit-seeking investments in knowledge play a critical role in the long-run growth process. First, the authors review the implications of neoclassical growth theory and the more recent theories of ‘endogenous growth.’ Then they discuss the empirical evidence that bears on the modeling of long-run growth. Finally, the authors describe in more detail a mode}, } ","This paper makes the case that purposive, profit-seeking investments in knowledge play a critical role in the long-run growth process. First, the authors review the implications of neoclassical growth theory and the more recent theories of ‘endogenous growth.’ Then they discuss the empirical evidence that bears on the modeling of long-run growth. Finally, the authors describe in more detail a model of growth based on endogenous technological progress and discuss the lessons that such models can teach us.",regimes,1508,openalex,True,context,,2026-04-10T17:32:21.127577+00:00
P0111,Fiscal Volatility Shocks and Economic Activity,Jesús Fernández‐Villaverde; Pablo Guerrón-Quintana; Keith Kuester; Juan Francisco Rubio-Ramı́rez,2015,American Economic Review,10.1257/aer.20121236,https://doi.org/10.1257/aer.20121236,https://www.aeaweb.org/articles/pdf/doi/10.1257/aer.20121236,"FERNÁNDEZ‐VILLAVERDE, Jesús et al.. Fiscal Volatility Shocks and Economic Activity. American Economic Review, 2015.",FernndezVillaverde2015,"@article{FernndezVillaverde2015,   title = {{Fiscal Volatility Shocks and Economic Activity}},   author = {Jesús Fernández‐Villaverde and Pablo Guerrón-Quintana and Keith Kuester and Juan Francisco Rubio-Ramı́rez},   year = {2015},   journal = {American Economic Review},   doi = {10.1257/aer.20121236},   abstract = {We study how unexpected changes in uncertainty about fiscal policy affect economic activity. First, we estimate tax and spending processes for the United States with time-varying volatility to uncover evidence of time-varying volatility. Second, we estimate a VAR for the US economy using the time-varying volatility found in the previous step. Third, we feed the tax and spending processes into an o}, } ","We study how unexpected changes in uncertainty about fiscal policy affect economic activity. First, we estimate tax and spending processes for the United States with time-varying volatility to uncover evidence of time-varying volatility. Second, we estimate a VAR for the US economy using the time-varying volatility found in the previous step. Third, we feed the tax and spending processes into an otherwise standard New Keynesian model. Both in the VAR and in the model, we find that unexpected changes in fiscal volatility shocks can have a sizable adverse effect on economic activity. An endogenous increase in markups is a key mechanism. (JEL E12, E23, E32, E52, E62)",regimes,919,openalex,True,context,,2026-04-10T17:32:21.127577+00:00
P0112,From Homo Economicus to Homo Sapiens,Richard H. Thaler,2000,The Journal of Economic Perspectives,10.1257/jep.14.1.133,https://doi.org/10.1257/jep.14.1.133,https://www.aeaweb.org/articles/pdf/doi/10.1257/jep.14.1.133,"THALER, Richard H.. From Homo Economicus to Homo Sapiens. The Journal of Economic Perspectives, 2000.",Thaler2000,"@article{Thaler2000,   title = {{From Homo Economicus to Homo Sapiens}},   author = {Richard H. Thaler},   year = {2000},   journal = {The Journal of Economic Perspectives},   doi = {10.1257/jep.14.1.133},   abstract = {In responding to a request for predictions about the future of economics, I predict that Homo Economicus will evolve into Homo Sapiens, or, more simply put, economics will become more related to human behavior. My specific predictions are that Homo Economicus will start to lose IQ, will become a slower learner, will start interacting with other species, and that economists will start to study huma}, } ","In responding to a request for predictions about the future of economics, I predict that Homo Economicus will evolve into Homo Sapiens, or, more simply put, economics will become more related to human behavior. My specific predictions are that Homo Economicus will start to lose IQ, will become a slower learner, will start interacting with other species, and that economists will start to study human cognition, human emotion, and will distinguish more clearly between normative and descriptive theories.",regimes,908,openalex,True,context,,2026-04-10T17:32:21.127577+00:00
P0113,Will COVID-19 fiscal recovery packages accelerate or retard progress on climate change?,Cameron Hepburn; Brian O’Callaghan; Nicholas Stern; Joseph E. Stiglitz; Dimitri Zenghelis,2020,Oxford Review of Economic Policy,10.1093/oxrep/graa015,https://doi.org/10.1093/oxrep/graa015,https://academic.oup.com/oxrep/article-pdf/36/Supplement_1/S359/33798391/graa015.pdf,"HEPBURN, Cameron et al.. Will COVID-19 fiscal recovery packages accelerate or retard progress on climate change?. Oxford Review of Economic Policy, 2020.",Hepburn2020,"@article{Hepburn2020,   title = {{Will COVID-19 fiscal recovery packages accelerate or retard progress on climate change?}},   author = {Cameron Hepburn and Brian O’Callaghan and Nicholas Stern and Joseph E. Stiglitz and Dimitri Zenghelis},   year = {2020},   journal = {Oxford Review of Economic Policy},   doi = {10.1093/oxrep/graa015},   abstract = {The COVID-19 crisis is likely to have dramatic consequences for progress on climate change. Imminent fiscal recovery packages could entrench or partly displace the current fossil-fuel-intensive economic system. Here, we survey 231 central bank officials, finance ministry officials, and other economic experts from G20 countries on the relative performance of 25 major fiscal recovery archetypes acro}, } ","The COVID-19 crisis is likely to have dramatic consequences for progress on climate change. Imminent fiscal recovery packages could entrench or partly displace the current fossil-fuel-intensive economic system. Here, we survey 231 central bank officials, finance ministry officials, and other economic experts from G20 countries on the relative performance of 25 major fiscal recovery archetypes across four dimensions: speed of implementation, economic multiplier, climate impact potential, and overall desirability. We identify five policies with high potential on both economic multiplier and climate impact metrics: clean physical infrastructure, building efficiency retrofits, investment in education and training, natural capital investment, and clean R&D. In lower- and middle-income countries (LMICs) rural support spending is of particular value while clean R&D is less important. These recommendations are contextualised through analysis of the short-run impacts of COVID-19 on greenhouse gas curtailment and plausible medium-run shifts in the habits and behaviours of humans and institutions.",regimes,755,openalex,True,context,,2026-04-10T17:32:21.127577+00:00
P0114,Deep Reinforcement Learning for Portfolio Optimization in the Indian Equity Market: A Case Study on NIFTY 50,D. Agrawal; Rohit Raja,2025,2025 1st International Conference on Data Science and Intelligent Network Computing (ICDSINC),10.1109/ICDSINC66221.2025.11448168,https://www.semanticscholar.org/paper/9a0b91d12c01a72841e3ce5e5b82fff270c56e53,,"AGRAWAL, D. et al.. Deep Reinforcement Learning for Portfolio Optimization in the Indian Equity Market: A Case Study on NIFTY 50. 2025 1st International Conference on Data Science and Intelligent Network Computing (ICDSINC), 2025.",Agrawal2025,"@article{Agrawal2025,   title = {{Deep Reinforcement Learning for Portfolio Optimization in the Indian Equity Market: A Case Study on NIFTY 50}},   author = {D. Agrawal and Rohit Raja},   year = {2025},   journal = {2025 1st International Conference on Data Science and Intelligent Network Computing (ICDSINC)},   doi = {10.1109/ICDSINC66221.2025.11448168},   abstract = {This study explores the application of Deep Reinforcement Learning (DRL) models, such as Proximal Policy Optimization (PPO) and Advantage Actor-Critic (A2C), for portfolio optimization in the Indian equity market using NIFTY 50 data. Considering the constraints of classic portfolio strategies and their rare application in DRL research in emerging markets, this study framed portfolio management as }, } ","This study explores the application of Deep Reinforcement Learning (DRL) models, such as Proximal Policy Optimization (PPO) and Advantage Actor-Critic (A2C), for portfolio optimization in the Indian equity market using NIFTY 50 data. Considering the constraints of classic portfolio strategies and their rare application in DRL research in emerging markets, this study framed portfolio management as a Markov Decision Process (MDP) under practical trading limitations, including no short selling and transaction costs. A2C and PPO are tested in different market states (bull, bear, and volatile) between 2010 and 2025. The results suggest that both models have significantly higher cumulative returns and Sharpe ratios and lower maximum drawdowns than the NIFTY 50 benchmark. However, the number of transactions has a large effect on the net performance, especially with A2C, indicating that a cost-aware strategy design is required. We show that under practical constraints, PPO exhibits a better trade-off between returns and risk-adjusted measures. The results highlight the efficacy of DRL models for adaptive, risk-managed portfolio strategies in the Indian financial market.",regimes,0,semantic_scholar,True,supporting,,2026-04-10T17:32:21.127577+00:00
P0115,Deep Reinforcement Learning Algorithms for Dynamic Portfolio Optimization Under Time-Varying Market and Risk Constraints,Saif Mohammed; Majid M. Manhosh; Hussein M. J. Issa Al-Jiboury; Nawres R. Neamah; Faisal ghazi Faisal; Sinan Raheem Jasim; Hashim H. Muqdad; Mais Raaed Kadhum; Nahla K Mhd,2025,International Conference Control and Robots,10.1109/ICCR67387.2025.11291899,https://www.semanticscholar.org/paper/bd80a6acbe448cea0f4e8929fa66089c7f555c8f,,"MOHAMMED, Saif et al.. Deep Reinforcement Learning Algorithms for Dynamic Portfolio Optimization Under Time-Varying Market and Risk Constraints. International Conference Control and Robots, 2025.",Mohammed2025,"@article{Mohammed2025,   title = {{Deep Reinforcement Learning Algorithms for Dynamic Portfolio Optimization Under Time-Varying Market and Risk Constraints}},   author = {Saif Mohammed and Majid M. Manhosh and Hussein M. J. Issa Al-Jiboury and Nawres R. Neamah and Faisal ghazi Faisal and Sinan Raheem Jasim and Hashim H. Muqdad and Mais Raaed Kadhum and Nahla K Mhd},   year = {2025},   journal = {International Conference Control and Robots},   doi = {10.1109/ICCR67387.2025.11291899},   abstract = {This research presents a high-performance portfolio optimization framework by integrating deep reinforcement learning (DRL) techniques with constraint-aware financial modeling. Leveraging Proximal Policy Optimization (PPO), Soft Actor-Critic (SAC), and Lagrangian-based penalty mechanisms, the agent was trained on multi-asset financial datasets under dynamic market and risk conditions. Across asset}, } ","This research presents a high-performance portfolio optimization framework by integrating deep reinforcement learning (DRL) techniques with constraint-aware financial modeling. Leveraging Proximal Policy Optimization (PPO), Soft Actor-Critic (SAC), and Lagrangian-based penalty mechanisms, the agent was trained on multi-asset financial datasets under dynamic market and risk conditions. Across asset classes—including equities, bonds, crypto, and emerging markets—the model achieved Sharpe ratios consistently above 1.8, with average return improvements exceeding 16.8% and risk constraint compliance surpassing 93.7%. Compared to baseline models, the proposed DRL framework reduced constraint violations by over 31% and enhanced interpretability via SHAP-based reward attribution and saliency mapping. The combination of time-series embeddings, constraint-aware objectives, and transformer-augmented state encoding allowed for effective real-time adaptation in non-stationary environments over classical stochastic and rule-based approaches. Training convergence was obtained in less than 60 epochs with stable computational runtimes, allowing for practical deployment in algorithmic trading and asset management systems. The framework generalizes across regimes and constraints without structural reconfiguration.",regimes,0,semantic_scholar,True,supporting,,2026-04-10T17:32:21.127577+00:00
P0116,A Comparative Analysis of Deep Reinforcement Learning Techniques in Portfolio Optimization for Global Market Indexes,Jay Oza; Chirag Binayke; Shubhada Labde,2024,2024 International Conference on Data Science and Network Security (ICDSNS),10.1109/ICDSNS62112.2024.10690862,https://www.semanticscholar.org/paper/f2922f80ec4206a6af0e25f644b07c7daf636378,,"OZA, Jay et al.. A Comparative Analysis of Deep Reinforcement Learning Techniques in Portfolio Optimization for Global Market Indexes. 2024 International Conference on Data Science and Network Security (ICDSNS), 2024.",Oza2024,"@article{Oza2024,   title = {{A Comparative Analysis of Deep Reinforcement Learning Techniques in Portfolio Optimization for Global Market Indexes}},   author = {Jay Oza and Chirag Binayke and Shubhada Labde},   year = {2024},   journal = {2024 International Conference on Data Science and Network Security (ICDSNS)},   doi = {10.1109/ICDSNS62112.2024.10690862},   abstract = {This paper explores the evolution of portfolio optimization driven by computational advancements like artificial intelligence and machine learning, focusing on the emerging paradigm of Deep Reinforcement Learning (DRL) for portfolio management. DRL, integrating deep neural networks with reinforcement learning, shows promise in adaptive decision-making. The study offers insights into DRL's finance }, } ","This paper explores the evolution of portfolio optimization driven by computational advancements like artificial intelligence and machine learning, focusing on the emerging paradigm of Deep Reinforcement Learning (DRL) for portfolio management. DRL, integrating deep neural networks with reinforcement learning, shows promise in adaptive decision-making. The study offers insights into DRL's finance applicability by comparing four key algorithms: Deep Q-Network (DQN), Dueling Double Deep Q-Network (D3QN), Proximal Policy Optimization (PPO), and Asynchronous Advantage Actor-Critic (A3C). These techniques are evaluated on varied financial datasets. Results demonstrate DRL's effectiveness in revealing patterns, capturing complex relationships, and adapting to market dynamics. The DRL algorithms consistently outperform traditional optimization methods lacking adaptive learning. The DRL-Portfolio framework, implemented using these algorithms, showcases dynamic portfolio optimization across stock indices. The paper suggests future research directions, including enhanced risk modeling, transaction cost optimization, and integration of alternative data sources, providing a nuanced view of DRL's potential in portfolio management and addressing areas for further innovation.",regimes,3,semantic_scholar,True,supporting,,2026-04-10T17:32:21.127577+00:00
P0117,Optimizing Portfolio Allocation with Deep Q-Learning: A Reinforcement Learning Approach,Krishna Kanth Kodanganti; Pradyumna Chacham; Battula,2025,2025 6th International Conference for Emerging Technology (INCET),10.1109/INCET64471.2025.11140422,https://www.semanticscholar.org/paper/a01211a932ce81ab4a229e75fcaee1a8322a0e0b,,"KODANGANTI, Krishna Kanth et al.. Optimizing Portfolio Allocation with Deep Q-Learning: A Reinforcement Learning Approach. 2025 6th International Conference for Emerging Technology (INCET), 2025.",Kodanganti2025,"@article{Kodanganti2025,   title = {{Optimizing Portfolio Allocation with Deep Q-Learning: A Reinforcement Learning Approach}},   author = {Krishna Kanth Kodanganti and Pradyumna Chacham and Battula},   year = {2025},   journal = {2025 6th International Conference for Emerging Technology (INCET)},   doi = {10.1109/INCET64471.2025.11140422},   abstract = {The evolving financial market requires strategies for their evaluation to incorporate a framework that gives substantive attention to returns and the risks they bear. This study proposes a unified model for portfolio performance assessment using quantitative financial metrics like daily returns, cumulative returns, and the Sharpe Ratio. We model the optimization of portfolio allocations in a reinf}, } ","The evolving financial market requires strategies for their evaluation to incorporate a framework that gives substantive attention to returns and the risks they bear. This study proposes a unified model for portfolio performance assessment using quantitative financial metrics like daily returns, cumulative returns, and the Sharpe Ratio. We model the optimization of portfolio allocations in a reinforcement-learning environment by using a Deep Q-Network agent, thus dynamically striking a balance between investment returns and the volatility of the market itself. Our empirical findings indicate that the designed portfolio produces a Sharpe ratio 2.61, which suggests the performance was appreciably risk-adjusted. Furthermore, the benchmark portfolio against a representative market index Sharpe ratio of 2.65 is further evidence of the capabilities of the model in achieving competitive risk-adjusted returns. The above findings make one cognizant of the importance of risk assessment in optimizing trading strategy, adding to the body of quantitative finance by providing New York evidence into a more structured data-driven means of portfolio evaluation. This study will allow investors or analysts to make better decisions by applying advanced algorithmic trading methodology.",regimes,0,semantic_scholar,True,supporting,,2026-04-10T17:32:21.127577+00:00
P0118,A Deep Reinforcement Learning Approach for Portfolio Optimization of Brazilian Assets Using Fundamental and Sentiment Indicators,Kethlyn C. Silva; Felipe Sá; Deborah S. A. Fernandes; Márcio Fernandes; Fabrízzio Soares,2025,Annual International Computer Software and Applications Conference,10.1109/COMPSAC65507.2025.00258,https://www.semanticscholar.org/paper/9811062baf29fb5c9c3d81d0f8c80e55c2286e62,,"SILVA, Kethlyn C. et al.. A Deep Reinforcement Learning Approach for Portfolio Optimization of Brazilian Assets Using Fundamental and Sentiment Indicators. Annual International Computer Software and Applications Conference, 2025.",Silva2025,"@article{Silva2025,   title = {{A Deep Reinforcement Learning Approach for Portfolio Optimization of Brazilian Assets Using Fundamental and Sentiment Indicators}},   author = {Kethlyn C. Silva and Felipe Sá and Deborah S. A. Fernandes and Márcio Fernandes and Fabrízzio Soares},   year = {2025},   journal = {Annual International Computer Software and Applications Conference},   doi = {10.1109/COMPSAC65507.2025.00258},   abstract = {The Brazilian capital market presents unique challenges for portfolio optimization due to its volatility and information asymmetries. This paper proposes a Deep Reinforcement Learning (DRL) framework that integrates fundamental indicators, Portuguese-language news sentiment (via Gemini Pro), and market data (prices, volume). Five DRL algorithms (A2C, PPO, DDPG, TD3, SAC) were trained and evaluated}, } ","The Brazilian capital market presents unique challenges for portfolio optimization due to its volatility and information asymmetries. This paper proposes a Deep Reinforcement Learning (DRL) framework that integrates fundamental indicators, Portuguese-language news sentiment (via Gemini Pro), and market data (prices, volume). Five DRL algorithms (A2C, PPO, DDPG, TD3, SAC) were trained and evaluated across three feature scenarios using performance metrics such as Sharpe Ratio, Annual Return, and Maximum Drawdown. News sentiment classification and entity extraction were performed using Gemini Pro LLM. Statistical validation over 44 executions, including Shapiro-Wilk and Kruskal-Wallis tests, showed no significant differences among DRL methods. However, all DRL approaches outperformed the Ibovespa index and uniform Buy-and-Hold benchmark, highlighting the value of combining DRL with localized and diverse data sources for portfolio optimization in emerging markets.",regimes,0,semantic_scholar,True,supporting,,2026-04-10T17:32:21.127577+00:00
P0119,Continual portfolio selection in dynamic environments via incremental reinforcement learning,Shu Liu; Bo Wang; Huaxiong Li; Chunlin Chen; Zhi Wang,2022,International Journal of Machine Learning and Cybernetics,10.1007/s13042-022-01639-y,https://www.semanticscholar.org/paper/a50b9c37a13115d906cae13f39c09ff8479bddec,,"LIU, Shu et al.. Continual portfolio selection in dynamic environments via incremental reinforcement learning. International Journal of Machine Learning and Cybernetics, 2022.",Liu2022,"@article{Liu2022,   title = {{Continual portfolio selection in dynamic environments via incremental reinforcement learning}},   author = {Shu Liu and Bo Wang and Huaxiong Li and Chunlin Chen and Zhi Wang},   year = {2022},   journal = {International Journal of Machine Learning and Cybernetics},   doi = {10.1007/s13042-022-01639-y}, } ",,regimes,12,semantic_scholar,True,supporting,,2026-04-10T17:32:21.127577+00:00
P0120,IoT‐Integrated Risk Management Systems Using Edge AI and Deep Reinforcement Learning,Yuxuan Hu,2026,Internet Technology Letters,10.1002/itl2.70249,https://www.semanticscholar.org/paper/2e7c1e95b481299be175bae15883beac9ace8ed7,,"HU, Yuxuan. IoT‐Integrated Risk Management Systems Using Edge AI and Deep Reinforcement Learning. Internet Technology Letters, 2026.",Hu2026,"@article{Hu2026,   title = {{IoT‐Integrated Risk Management Systems Using Edge AI and Deep Reinforcement Learning}},   author = {Yuxuan Hu},   year = {2026},   journal = {Internet Technology Letters},   doi = {10.1002/itl2.70249},   abstract = {The accelerating pace of the financial markets and the spread of real‐time economic indicators require smart portfolio optimization systems that can make risk‐sensitive decisions in a very short time. The new capabilities of the decentralized, low‐latency financial intelligence are presented by emerging Edge AI and IoT technologies. The current methods of portfolio optimization are still mostly ce}, } ","The accelerating pace of the financial markets and the spread of real‐time economic indicators require smart portfolio optimization systems that can make risk‐sensitive decisions in a very short time. The new capabilities of the decentralized, low‐latency financial intelligence are presented by emerging Edge AI and IoT technologies. The current methods of portfolio optimization are still mostly centralized and reactive, which leads to the slowness of risk evaluation, ineffective rebalancing of assets, and low responsiveness to unexpected market shocks as recorded by distributed financial data sources. In this paper, EDGE‐FORCE (Edge‐driven Financial Optimization with Reinforcement‐based Cognitive Evaluation) is presented. This new architecture is based on IoT‐enabled market sensors, edge‐based risk cognition, and a hierarchical deep reinforcement learning agent (HDRL). Edge nodes are used to do real‐time risk scoring and filtering of anomalies. Simultaneously, a DRL policy network uses a risk‐sensitive assignment of assets with a risk‐sensitive reward function with volatility, liquidity, and tail‐risk penalties. The experimental results obtained using multi‐asset market data indicate that EDGE‐FORCE outperforms centralized DRL and classical optimization models by providing higher cumulative returns, a better Sharpe ratio, and quicker conversion in volatile settings. EDGE‐FORCE shows the presence of an efficient, scalable, and resilient solution to real‐time financial portfolio optimization with intelligent risk management.",regimes,0,semantic_scholar,True,supporting,,2026-04-10T17:32:21.127577+00:00
P0121,Scalable coordinated management of peer-to-peer energy trading: A multi-cluster deep reinforcement learning approach,D. Qiu; Yujian Ye; D. Papadaskalopoulos; G. Strbac,2021,Applied Energy,10.1016/J.APENERGY.2021.116940,https://www.semanticscholar.org/paper/f60597c706286d60cef7708c2ebdc83fe5f102c3,,"QIU, D. et al.. Scalable coordinated management of peer-to-peer energy trading: A multi-cluster deep reinforcement learning approach. Applied Energy, 2021.",Qiu2021,"@article{Qiu2021,   title = {{Scalable coordinated management of peer-to-peer energy trading: A multi-cluster deep reinforcement learning approach}},   author = {D. Qiu and Yujian Ye and D. Papadaskalopoulos and G. Strbac},   year = {2021},   journal = {Applied Energy},   doi = {10.1016/J.APENERGY.2021.116940},   abstract = {Abstract The increasing penetration of small-scale distributed energy resources (DER) has the potential to support cost-efficient energy balancing in emerging electricity systems, but is also fundamentally affecting the conventional operation paradigm of the latter. In this context, innovative market mechanisms need to be devised to better coordinate and provide incentives for DER to utilize their}, } ","Abstract The increasing penetration of small-scale distributed energy resources (DER) has the potential to support cost-efficient energy balancing in emerging electricity systems, but is also fundamentally affecting the conventional operation paradigm of the latter. In this context, innovative market mechanisms need to be devised to better coordinate and provide incentives for DER to utilize their flexibility. Peer-to-Peer (P2P) energy trading has emerged as an alternative approach to facilitate direct trading between consumers and prosumers interacting in an energy collective and fosters more efficient local demand–supply balancing. While previous research has primarily focused on the technical and economic benefits of P2P trading, little effort has been made towards the incorporation of prosumers’ heterogeneous characteristics in the P2P trading problem. Here, we address this research gap by classifying the participating prosumers into multiple clusters with regard to their portfolio of DER, and analyzing their trading decisions in a simulated P2P trading platform. The latter employs the mid-market rate (MMR) local pricing mechanism to enable energy trading among prosumers and penalizes the contribution to the system demand peak of each prosumer. We formulate the P2P trading problem as a multi-agent coordination problem and propose a novel multi-agent deep reinforcement learning (MADRL) method to address it. The proposed method is founded on the combination of the multi-agent deep deterministic policy gradient (MADDPG) algorithm and the technique of parameter sharing (PS), which not only enables accelerating the training speed by sharing experiences and learned policies between all agents in each cluster, but also sustains the policies’ diversity between multiple clusters. To address the non-stationarity and computational complexity of MADRL as well as persevering the privacy of prosumers, the P2P trading platform acts as a trusted third party which augments the market collective trading information to help training of prosumer agents. Experiments with a large-scale real-world data-set involving 300 residential households demonstrate that the proposed MADRL method exhibits a strong generalization capability in the test data-set and outperforms the state-of-the-art MADRL methods with regard to the system operation cost, demand peak as well as computational time.",regimes,138,semantic_scholar,True,supporting,,2026-04-10T17:32:21.127577+00:00
P0122,Machine Learning-Driven Trading Optimization System for Financial Market Efficiency,Lubna Suraiya; Archana Kaushik; Azmath Rukhsana; Renu Yadav; Jeshwanth Reddy Machireddy; Sandeep Banerjee,2025,"International Conference Emerging Trends Engineering, Science and Technology",10.1109/ICRISET64803.2025.11254756,https://www.semanticscholar.org/paper/46ae994408ec221e204808aa7f2579c6411bd0db,,"SURAIYA, Lubna et al.. Machine Learning-Driven Trading Optimization System for Financial Market Efficiency. International Conference Emerging Trends Engineering, Science and Technology, 2025.",Suraiya2025,"@article{Suraiya2025,   title = {{Machine Learning-Driven Trading Optimization System for Financial Market Efficiency}},   author = {Lubna Suraiya and Archana Kaushik and Azmath Rukhsana and Renu Yadav and Jeshwanth Reddy Machireddy and Sandeep Banerjee},   year = {2025},   journal = {International Conference Emerging Trends Engineering, Science and Technology},   doi = {10.1109/ICRISET64803.2025.11254756},   abstract = {Machine Learning-Assisted Trading Optimization System of Financial Market Efficiency presents a complex system with the help of which improvements of operations of an algorithmic trader can be brought by means of using supervised and reinforcement learning. Both price motion predictive modeling and adaptive stop-loss and rebalancing rules are utilized in the system to dynamically allocate types of}, } ","Machine Learning-Assisted Trading Optimization System of Financial Market Efficiency presents a complex system with the help of which improvements of operations of an algorithmic trader can be brought by means of using supervised and reinforcement learning. Both price motion predictive modeling and adaptive stop-loss and rebalancing rules are utilized in the system to dynamically allocate types of portfolio and manage the risks. Historical high frequency sets are used simulated and it showed great improvement in Sharpe ratio, returns volatility, and control of drawdowns relative to conventional rule based and statistical approaches. Backtests demonstrate that the suggested system is able to give fairer equity curves, less serious maximum drawdown, and more steady returns in variant market conditions. According to our formal evaluation, predictive signals that are based on ML and reinforcement learning decision policies give a positive result on superior value of trade timing and position sizing. This helps in achieving a better market efficiency through a reduction in the adverse selection and enhancement of liquidity utilization. The architecture is generalizable, both in the time horizons, and also the asset class. These findings show an opening to advancing and, arguably, data-driven trading strategies that are enabled using machine learning tools, even in-practice, at financially tight learning markets.",regimes,0,semantic_scholar,True,supporting,,2026-04-10T17:32:21.127577+00:00
P0123,Artificial intelligence in financial market prediction: advancements in machine learning for stock price forecasting,Arafat Rohan; Md. Deluar Hossen; Md. Nuruzzaman Pranto; Balayet Hossain; Areyfin Mohammed Yoshi; Rakibul Islam,2026,Frontiers Artif. Intell.,10.3389/frai.2025.1696423,https://www.semanticscholar.org/paper/efb3104d6cccb69e98f4848bb772f9c09cbad744,,"ROHAN, Arafat et al.. Artificial intelligence in financial market prediction: advancements in machine learning for stock price forecasting. Frontiers Artif. Intell., 2026.",Rohan2026,"@article{Rohan2026,   title = {{Artificial intelligence in financial market prediction: advancements in machine learning for stock price forecasting}},   author = {Arafat Rohan and Md. Deluar Hossen and Md. Nuruzzaman Pranto and Balayet Hossain and Areyfin Mohammed Yoshi and Rakibul Islam},   year = {2026},   journal = {Frontiers Artif. Intell.},   doi = {10.3389/frai.2025.1696423},   abstract = {This study reviews the advancements in AI-driven methods for predicting stock prices, tracing their evolution from traditional approaches to modern finance. The role of AI in the market extends beyond predictive systems to encompass the intersection of financial markets with emerging technologies, such as blockchain, and the potential influence of quantum computing on economic modeling. A decentra}, } ","This study reviews the advancements in AI-driven methods for predicting stock prices, tracing their evolution from traditional approaches to modern finance. The role of AI in the market extends beyond predictive systems to encompass the intersection of financial markets with emerging technologies, such as blockchain, and the potential influence of quantum computing on economic modeling. A decentralized finance system examines the application of Reinforcement Learning in financial market prediction, highlighting its potential for continuous learning from dynamic market conditions. The study discusses the development of hybrid prediction models, stock market machine learning systems, and AI-driven investment portfolio management. The potential of quantum computing enhances portfolio analysis, fraud detection, optimization, and asset valuation for complex market predictions, as well as the impact of blockchain technologies on transparency, security, and efficiency. Machine learning techniques can significantly automate data collection and purification. Financial decision-making and the application of time-series analysis techniques can be readily learned through deep reinforcement learning for stock price prediction. Deep Neural Networks and Strategic Asset Allocation can be managed by evaluating performance and portfolio using real-time market insights from AI models. Although there are numerous ethical, sentimental, regulatory, and data quality issues in market prediction, the future job market is heavily dependent on these criteria, particularly through effective risk management and fraud detection.",regimes,2,semantic_scholar,True,supporting,,2026-04-10T17:32:21.127577+00:00
P0124,A Combined Algorithm Approach for Optimizing Portfolio Performance in Automated Trading: A Study of SET50 Stocks,Sukrit Thongkairat; Woraphon Yamaka,2025,Mathematics,10.3390/math13030461,https://www.semanticscholar.org/paper/9d98f1ee7291a86f6251b0ee519e31c1b0ecefb5,,"THONGKAIRAT, Sukrit et al.. A Combined Algorithm Approach for Optimizing Portfolio Performance in Automated Trading: A Study of SET50 Stocks. Mathematics, 2025.",Thongkairat2025,"@article{Thongkairat2025,   title = {{A Combined Algorithm Approach for Optimizing Portfolio Performance in Automated Trading: A Study of SET50 Stocks}},   author = {Sukrit Thongkairat and Woraphon Yamaka},   year = {2025},   journal = {Mathematics},   doi = {10.3390/math13030461},   abstract = {This study investigates portfolio optimization for SET50 stocks using Deep Reinforcement Learning (DRL) algorithms to address market volatility. Five DRL algorithms—Advantage Actor–Critic (A2C), Proximal Policy Optimization (PPO), Deep Deterministic Policy Gradient (DDPG), Soft Actor–Critic (SAC), and Twin Delayed DDPG (TD3)—were evaluated for their effectiveness in managing risk and optimizing re}, } ","This study investigates portfolio optimization for SET50 stocks using Deep Reinforcement Learning (DRL) algorithms to address market volatility. Five DRL algorithms—Advantage Actor–Critic (A2C), Proximal Policy Optimization (PPO), Deep Deterministic Policy Gradient (DDPG), Soft Actor–Critic (SAC), and Twin Delayed DDPG (TD3)—were evaluated for their effectiveness in managing risk and optimizing returns. We propose an Iterative Model Combining Algorithm (IMCA) that dynamically adjusts model weights based on market conditions to enhance performance. Our results demonstrate that IMCA consistently outperformed traditional strategies, including the Minimum Variance model. IMCA achieved a cumulative return of 14.20% and a Sharpe Ratio of 0.220, compared to the Minimum Variance model’s return of −4.35% and Sharpe Ratio of 0.018. This research highlights the adaptability and robustness of DRL algorithms for portfolio management, particularly in emerging markets like Thailand. It underscores the advantages of dynamic, data-driven strategies over static approaches.",regimes,4,semantic_scholar,True,supporting,,2026-04-10T17:32:21.127577+00:00
P0125,Quantum Computing-Enhanced Portfolio Optimization System for Financial Risk Management,C. Prabha; Sunil Kumar Rai; Ashok Kumar; Rinki Singh; Vishnu Gupta; Vinit Gupta,2025,"International Conference Emerging Trends Engineering, Science and Technology",10.1109/ICRISET64803.2025.11253599,https://www.semanticscholar.org/paper/f0d0fedfa9727bfc1fe14b830ccdb1200f4f2986,,"PRABHA, C. et al.. Quantum Computing-Enhanced Portfolio Optimization System for Financial Risk Management. International Conference Emerging Trends Engineering, Science and Technology, 2025.",Prabha2025,"@article{Prabha2025,   title = {{Quantum Computing-Enhanced Portfolio Optimization System for Financial Risk Management}},   author = {C. Prabha and Sunil Kumar Rai and Ashok Kumar and Rinki Singh and Vishnu Gupta and Vinit Gupta},   year = {2025},   journal = {International Conference Emerging Trends Engineering, Science and Technology},   doi = {10.1109/ICRISET64803.2025.11253599},   abstract = {The rapidity of the development of the financial market creates the need to have the more advanced tools of risk management and optimization of the portfolio. The solution to this problem that will be proposed in the research is the Quantum Computing-Enhanced Portfolio Optimization System that incorporates the methods of advanced machine learning (ML) with quantum annealing to achieve the optimiza}, } ","The rapidity of the development of the financial market creates the need to have the more advanced tools of risk management and optimization of the portfolio. The solution to this problem that will be proposed in the research is the Quantum Computing-Enhanced Portfolio Optimization System that incorporates the methods of advanced machine learning (ML) with quantum annealing to achieve the optimization of asset allocation in the conditions of uncertainty. The classical approaches have been found to have scalability issues and are not efficient in the nonlinear nature of the new markets, like the mean-variance optimization. In order to overcome these shortcomings, our system attempts to adapt the portfolios dynamically with the use of Reinforcement Learning (RL) and solve nuanced combinatorial optimization problems, which are characteristic to portfolio construction, with the aid of the D-Wave quantum annealer. With the synergy between the ML and the quantum computing, the suggested system will outperform conventional approaches in terms of convergence rates, diversification, and risk-adjusted returns. This hybrid method presents significant progress concerning the field of computational finance and creates new opportunities of real-time decision-making in variable settings.",regimes,0,semantic_scholar,True,supporting,,2026-04-10T17:32:21.127577+00:00
P0126,Global Cross-Market Trading Optimization Using Iterative Combined Algorithm: A Multi-Asset Approach with Stocks and Cryptocurrencies,Kansuda Pankwaen; Sukrit Thongkairat; W. Saijai,2025,Mathematics,10.3390/math13081317,https://www.semanticscholar.org/paper/b67ef1ac421aa1306d4280d21375340240cd5f10,,"PANKWAEN, Kansuda et al.. Global Cross-Market Trading Optimization Using Iterative Combined Algorithm: A Multi-Asset Approach with Stocks and Cryptocurrencies. Mathematics, 2025.",Pankwaen2025,"@article{Pankwaen2025,   title = {{Global Cross-Market Trading Optimization Using Iterative Combined Algorithm: A Multi-Asset Approach with Stocks and Cryptocurrencies}},   author = {Kansuda Pankwaen and Sukrit Thongkairat and W. Saijai},   year = {2025},   journal = {Mathematics},   doi = {10.3390/math13081317},   abstract = {This study presents an advanced adaptive trading framework that integrates Deep Reinforcement Learning (DRL) with the Iterative Model Combining Algorithm (IMCA) to overcome the critical limitations of static ensemble methods in global portfolio optimization. Using a diverse cross-market dataset of 39 stocks from the US, Australia, Europe, Thailand, and one cryptocurrency (BTC-USD), the research ri}, } ","This study presents an advanced adaptive trading framework that integrates Deep Reinforcement Learning (DRL) with the Iterative Model Combining Algorithm (IMCA) to overcome the critical limitations of static ensemble methods in global portfolio optimization. Using a diverse cross-market dataset of 39 stocks from the US, Australia, Europe, Thailand, and one cryptocurrency (BTC-USD), the research rigorously evaluates models’ adaptability under volatile market conditions. Volatile market conditions—such as COVID-19, SVB crisis, and the 2022 crypto crash—are captured via volatility metrics (e.g., drawdown), with DRL models like PPO/TD3 adapting through dynamic reward signals. This cross-asset integration is particularly critical, as it captures the complex dynamics and correlations between traditional financial markets and emerging digital assets. Although DRL models like PPO and TD3 outperform traditional strategies, they remain vulnerable to market drawdowns and high volatility. IMCA significantly surpasses these models, achieving the highest cumulative return of 29.52% and a superior Sharpe ratio of 0.829 by dynamically recalibrating model weights in response to real-time market dynamics. This study addresses a substantial research gap, highlighting the failure of traditional ensemble models—reliant on static weightings—to adapt to evolving financial conditions, resulting in suboptimal risk-adjusted returns. IMCA offers a dynamic, data-driven approach that continuously optimizes portfolio strategies across fluctuating market regimes, demonstrating its scalability and robustness across diverse asset classes and regional markets, and providing an empirical framework for adaptive portfolio management. Policy recommendations underscore the need for financial institutions to adopt AI-driven adaptive models like IMCA to enhance portfolio resilience, profitability, and responsiveness in uncertain markets.",regimes,4,semantic_scholar,True,supporting,,2026-04-10T17:32:21.127577+00:00
P0127,A Hybrid Framework for Multi-Stock Trading: Deep Q-Networks with Portfolio Optimization,Soroush Shahsafi; Farnoosh Naderkhani,2026,Journal of Risk and Financial Management,10.3390/jrfm19020132,https://www.semanticscholar.org/paper/fcce144c510a43a4e3b50ecd4d8d40ee41f41bde,,"SHAHSAFI, Soroush et al.. A Hybrid Framework for Multi-Stock Trading: Deep Q-Networks with Portfolio Optimization. Journal of Risk and Financial Management, 2026.",Shahsafi2026,"@article{Shahsafi2026,   title = {{A Hybrid Framework for Multi-Stock Trading: Deep Q-Networks with Portfolio Optimization}},   author = {Soroush Shahsafi and Farnoosh Naderkhani},   year = {2026},   journal = {Journal of Risk and Financial Management},   doi = {10.3390/jrfm19020132},   abstract = {This paper presents a hybrid framework for multi-stock trading that combines the decision-making ability of Deep Q-Networks (DQN) with the allocation precision of portfolio optimization models. Realistic markets are noisy and non-stationary, and complex action spaces can hinder reinforcement learning (RL) performance. The DQN generates buy/sell signals based on market conditions. The framework pas}, } ","This paper presents a hybrid framework for multi-stock trading that combines the decision-making ability of Deep Q-Networks (DQN) with the allocation precision of portfolio optimization models. Realistic markets are noisy and non-stationary, and complex action spaces can hinder reinforcement learning (RL) performance. The DQN generates buy/sell signals based on market conditions. The framework passes buy-listed assets to an optimizer, which computes portfolio weights. Five allocation strategies are examined: naïve 1/N, Markowitz Mean–Variance, Global Minimum Variance, Risk Parity, and Sharpe Ratio Maximization. Empirical evaluations on emerging-market exchange-traded funds (ETFs), as well as additional tests on U.S. equities, show that even the baseline DQN outperforms traditional technical indicators. Furthermore, integrating any of the optimization approaches with DQN yields measurable improvements in return-risk performance metrics. Among the hybrid frameworks, DQN combined with Sharpe Ratio Maximization delivers the most consistent gains. The findings highlight the value of decomposing stock selection from capital allocation and demonstrate the effectiveness of the proposed DQN-optimization framework on our testbed.",regimes,0,semantic_scholar,True,supporting,,2026-04-10T17:32:21.127577+00:00
P0128,Research on Innovation of Ai-Driven Investment Decision-Making Paradigm in Primary Market,Yifeng Li,2025,Economics and Management Innovation,10.71222/ed2tw043,https://www.semanticscholar.org/paper/5923f4ec6e195005ceca5c40803a8ca4b372716e,,"LI, Yifeng. Research on Innovation of Ai-Driven Investment Decision-Making Paradigm in Primary Market. Economics and Management Innovation, 2025.",Li2025,"@article{Li2025,   title = {{Research on Innovation of Ai-Driven Investment Decision-Making Paradigm in Primary Market}},   author = {Yifeng Li},   year = {2025},   journal = {Economics and Management Innovation},   doi = {10.71222/ed2tw043},   abstract = {The primary market plays a critical role in allocating capital to emerging enterprises and innovative startups, yet traditional investment decision-making faces challenges such as information asymmetry, subjective bias, and inefficiency. This review explores the transformative potential of artificial intelligence (AI) in primary market investment, examining applications in venture capital and priv}, } ","The primary market plays a critical role in allocating capital to emerging enterprises and innovative startups, yet traditional investment decision-making faces challenges such as information asymmetry, subjective bias, and inefficiency. This review explores the transformative potential of artificial intelligence (AI) in primary market investment, examining applications in venture capital and private equity across deal sourcing, due diligence, portfolio management, and exit planning. It presents a comprehensive AI-driven investment decision framework that integrates multi-source data acquisition, machine learning, deep learning, natural language processing, and graph-based modeling to enhance predictive accuracy and decision support. Key challenges, including data quality, privacy, interpretability, talent gaps, and ethical considerations, are discussed alongside future directions such as multi-modal data fusion, reinforcement learning, explainable AI, and human-AI collaborative strategies. The review highlights AI’s capacity to systematize, optimize, and intelligentize investment processes, offering new pathways for efficiency, risk management, and strategic value creation in primary market activities.",regimes,0,semantic_scholar,True,supporting,,2026-04-10T17:32:21.127577+00:00
P0129,Deep Learning in Finance: A Survey of Applications and Techniques,Ebikella Mienye; N. Jere; G. Obaido; Ibomoiye Domor Mienye; Kehinde D. Aruleba,2024,Applied Informatics,10.3390/ai5040101,https://www.semanticscholar.org/paper/fa34d5f573c49219b97436c6ab8618194fd5e16c,,"MIENYE, Ebikella et al.. Deep Learning in Finance: A Survey of Applications and Techniques. Applied Informatics, 2024.",Mienye2024,"@article{Mienye2024,   title = {{Deep Learning in Finance: A Survey of Applications and Techniques}},   author = {Ebikella Mienye and N. Jere and G. Obaido and Ibomoiye Domor Mienye and Kehinde D. Aruleba},   year = {2024},   journal = {Applied Informatics},   doi = {10.3390/ai5040101},   abstract = {Machine learning (ML) has transformed the financial industry by enabling advanced applications such as credit scoring, fraud detection, and market forecasting. At the core of this transformation is deep learning (DL), a subset of ML that is robust in processing and analyzing complex and large datasets. This paper provides a comprehensive overview of key deep learning models, including Convolutiona}, } ","Machine learning (ML) has transformed the financial industry by enabling advanced applications such as credit scoring, fraud detection, and market forecasting. At the core of this transformation is deep learning (DL), a subset of ML that is robust in processing and analyzing complex and large datasets. This paper provides a comprehensive overview of key deep learning models, including Convolutional Neural Networks (CNNs), Long Short-Term Memory networks (LSTMs), Deep Belief Networks (DBNs), Transformers, Generative Adversarial Networks (GANs), and Deep Reinforcement Learning (Deep RL). Beyond summarizing their mathematical foundations and learning processes, this study offers new insights into how these models are applied in real-world financial contexts, highlighting their specific advantages and limitations in tasks such as algorithmic trading, risk management, and portfolio optimization. It also examines recent advances and emerging trends in the financial industry alongside critical challenges such as data quality, model interpretability, and computational complexity. These insights can guide future research directions toward developing more efficient, robust, and explainable financial models that address the evolving needs of the financial sector.",regimes,43,semantic_scholar,True,supporting,,2026-04-10T17:32:21.127577+00:00
P0130,Machine Learning Techniques for Quantitative Stock Trading Strategies,Kartik Garg,2026,International Journal For Multidisciplinary Research,10.36948/ijfmr.2026.v08i01.65636,https://www.semanticscholar.org/paper/5b8d8e0200482d1baff8de5077190a3360599760,,"GARG, Kartik. Machine Learning Techniques for Quantitative Stock Trading Strategies. International Journal For Multidisciplinary Research, 2026.",Garg2026,"@article{Garg2026,   title = {{Machine Learning Techniques for Quantitative Stock Trading Strategies}},   author = {Kartik Garg},   year = {2026},   journal = {International Journal For Multidisciplinary Research},   doi = {10.36948/ijfmr.2026.v08i01.65636},   abstract = {The paper systematically examines the conceptual underpinnings of quantitative trading and machine learning, followed by a detailed discussion of data sources and feature engineering practices commonly employed in ML-based trading systems. It reviews the use of supervised, unsupervised, deep learning, and reinforcement learning models for return prediction, portfolio optimization, and trade execut}, } ","The paper systematically examines the conceptual underpinnings of quantitative trading and machine learning, followed by a detailed discussion of data sources and feature engineering practices commonly employed in ML-based trading systems. It reviews the use of supervised, unsupervised, deep learning, and reinforcement learning models for return prediction, portfolio optimization, and trade execution. Particular attention is given to model evaluation frameworks, backtesting methodologies, and performance metrics used to assess economic significance while mitigating risks such as overfitting and data snooping bias. The review highlights that while machine learning models often outperform traditional approaches in predictive accuracy, their real-world effectiveness is constrained by transaction costs, model decay, interpretability challenges, and market microstructure effects. Furthermore, the paper discusses emerging research directions, including explainable artificial intelligence, federated learning, ESG-aware trading, and the integration of macroeconomic and geopolitical data. Overall, the study concludes that machine learning serves as a powerful complement rather than a substitute for financial theory, and that future advancements will depend on hybrid models that balance predictive performance, economic intuition, and ethical responsibility.",regimes,0,semantic_scholar,True,supporting,,2026-04-10T17:32:21.127577+00:00
P0131,The Role of Machine Learning in Financial Forecasting and Asset Management,Dr. Alexander Müller,2021,American journal of machine learning,10.71465/ajml2860,https://www.semanticscholar.org/paper/49569d50285013a429234dd166e296d7acbb0c8e,,"MÜLLER, Dr. Alexander. The Role of Machine Learning in Financial Forecasting and Asset Management. American journal of machine learning, 2021.",Mller2021,"@article{Mller2021,   title = {{The Role of Machine Learning in Financial Forecasting and Asset Management}},   author = {Dr. Alexander Müller},   year = {2021},   journal = {American journal of machine learning},   doi = {10.71465/ajml2860},   abstract = {This paper explores the significant role of Machine Learning (ML) in financial forecasting and asset management. The integration of ML algorithms into financial decision-making processes has enhanced the accuracy of predictions and optimization of investment portfolios. Key machine learning methods such as supervised learning, reinforcement learning, and deep learning are examined for their applic}, } ","This paper explores the significant role of Machine Learning (ML) in financial forecasting and asset management. The integration of ML algorithms into financial decision-making processes has enhanced the accuracy of predictions and optimization of investment portfolios. Key machine learning methods such as supervised learning, reinforcement learning, and deep learning are examined for their applications in forecasting market trends, risk management, and portfolio optimization. The paper also discusses the challenges and limitations of deploying ML in finance, including overfitting, data quality, and interpretability issues. Finally, it highlights emerging trends and future research directions in the field.",regimes,0,semantic_scholar,True,supporting,,2026-04-10T17:32:21.127577+00:00
P0132,Modular Reinforcement Learning for Multi-Market Portfolio Optimization,Firdaous Khemlichi; Y. I. Khamlichi; Safae Elhaj Ben Ali,2025,Inf.,10.3390/info16110961,https://www.semanticscholar.org/paper/253ca05e2d182390c5774c3ce9e934a063ad159b,,"KHEMLICHI, Firdaous et al.. Modular Reinforcement Learning for Multi-Market Portfolio Optimization. Inf., 2025.",Khemlichi2025,"@article{Khemlichi2025,   title = {{Modular Reinforcement Learning for Multi-Market Portfolio Optimization}},   author = {Firdaous Khemlichi and Y. I. Khamlichi and Safae Elhaj Ben Ali},   year = {2025},   journal = {Inf.},   doi = {10.3390/info16110961},   abstract = {Most reinforcement learning (RL) methods for portfolio optimization remain limited to single markets and a single algorithmic paradigm, which restricts their adaptability to regime shifts and heterogeneous conditions. This paper introduces a generalized version of the Modular Portfolio Learning System (MPLS), extending beyond its initial PPO backbone to integrate four RL algorithms: Proximal Polic}, } ","Most reinforcement learning (RL) methods for portfolio optimization remain limited to single markets and a single algorithmic paradigm, which restricts their adaptability to regime shifts and heterogeneous conditions. This paper introduces a generalized version of the Modular Portfolio Learning System (MPLS), extending beyond its initial PPO backbone to integrate four RL algorithms: Proximal Policy Optimization (PPO), Deep Q-Network (DQN), Deep Deterministic Policy Gradient (DDPG), and Soft Actor-Critic (SAC). Building on its modular design, MPLS leverages specialized components for sentiment analysis, volatility forecasting, and structural dependency modeling, whose signals are fused within an attention-based decision framework. Unlike prior approaches, MPLS is evaluated independently on three major equity indices (S&P 500, DAX 30, and FTSE 100) across diverse regimes including stable, crisis, recovery, and sideways phases. Experimental results show that MPLS consistently achieved higher Sharpe ratios—typically +40–70% over Minimum Variance Portfolio (MVP) and Risk Parity (RP)—while limiting drawdowns and Conditional Value-at-Risk (CVaR) during stress periods such as the COVID-19 crash. Turnover levels remained moderate, confirming cost-awareness. Ablation and variance analyses highlight the distinct contribution of each module and the robustness of the framework. Overall, MPLS represents a modular, resilient, and practically relevant framework for risk-aware portfolio optimization.",regimes,0,semantic_scholar,True,supporting,,2026-04-10T17:32:21.127577+00:00
P0133,Cross‐Market Portfolio Optimization via Structure‐Aware Deep Reinforcement Learning,Yiliang Qiao; Yan Zhu; Xu Guo,2026,Concurrency and Computation,10.1002/cpe.70540,https://www.semanticscholar.org/paper/295f2ac60294ad88121f611b587b2568df7953d0,,"QIAO, Yiliang et al.. Cross‐Market Portfolio Optimization via Structure‐Aware Deep Reinforcement Learning. Concurrency and Computation, 2026.",Qiao2026,"@article{Qiao2026,   title = {{Cross‐Market Portfolio Optimization via Structure‐Aware Deep Reinforcement Learning}},   author = {Yiliang Qiao and Yan Zhu and Xu Guo},   year = {2026},   journal = {Concurrency and Computation},   doi = {10.1002/cpe.70540},   abstract = {Financial markets exhibit high levels of non‐stationarity and structural heterogeneity, which pose significant challenges to reinforcement learning (RL)‐based portfolio optimization methods. To address these challenges, this paper proposes a Structure‐Aware Deep Reinforcement Learning (SADRL) framework for cross‐market portfolio optimization. The proposed framework explicitly models market structu}, } ","Financial markets exhibit high levels of non‐stationarity and structural heterogeneity, which pose significant challenges to reinforcement learning (RL)‐based portfolio optimization methods. To address these challenges, this paper proposes a Structure‐Aware Deep Reinforcement Learning (SADRL) framework for cross‐market portfolio optimization. The proposed framework explicitly models market structural dynamics through a structure encoder that identifies latent market regimes, while a policy learner adapts investment strategies accordingly. This dual‐level learning mechanism enables the model to generalize across heterogeneous markets and remain stable under regime shifts. Extensive experiments on multiple cross‐market datasets demonstrate that SADRL achieves superior risk‐adjusted returns and improved robustness compared with conventional RL‐based baselines. These findings highlight the potential of structure‐aware learning for developing intelligent and adaptive decision‐making systems in financial markets.",regimes,0,semantic_scholar,True,supporting,,2026-04-10T17:32:21.127577+00:00
P0134,Optimum and Coherent Economic Capital Forecasts with Reinforcement Machine Learning: Evidence from Optimization Algorithms under Long and Short-Sales Multiple Asset Portfolios of Emerging Markets,Mazin A. M. Al Janabi,2024,"Transformations in banking, finance and regulation",10.1142/9781800614291_0010,https://doi.org/10.1142/9781800614291_0010,,"JANABI, Mazin A. M. Al. Optimum and Coherent Economic Capital Forecasts with Reinforcement Machine Learning: Evidence from Optimization Algorithms under Long and Short-Sales Multiple Asset Portfolios of Emerging Markets. Transformations in banking, finance and regulation, 2024.",Janabi2024,"@article{Janabi2024,   title = {{Optimum and Coherent Economic Capital Forecasts with Reinforcement Machine Learning: Evidence from Optimization Algorithms under Long and Short-Sales Multiple Asset Portfolios of Emerging Markets}},   author = {Mazin A. M. Al Janabi},   year = {2024},   journal = {Transformations in banking, finance and regulation},   doi = {10.1142/9781800614291_0010},   abstract = {This chapter extends research literature associated with modern portfolio risk management techniques, by presenting robust modeling algorithms for nonlinear dynamic asset allocation and management under extreme events of illiquidity and adverse market perspectives. This research study examines, from portfolio managers’ perspective, the performance of liquidity-adjusted risk modeling in obtaining o}, } ","This chapter extends research literature associated with modern portfolio risk management techniques, by presenting robust modeling algorithms for nonlinear dynamic asset allocation and management under extreme events of illiquidity and adverse market perspectives. This research study examines, from portfolio managers’ perspective, the performance of liquidity-adjusted risk modeling in obtaining optimum and coherent economic capital structures, subject to the application of meaningful operational and financial constraints. Specifically, this chapter examines robust quantitative modeling methods to optimum economic capital allocation, in a liquidity-adjusted value at risk (L-VaR) framework, particularly from the perspective of trading portfolios that have both long and short-sales trading positions. The empirical results, of emerging Gulf Cooperation Council (GCC) financial markets, strongly confirm the importance of enforcing financially and operationally meaningful nonlinear and dynamic constraints, when they are available, on the L-VaR optimization procedure. The implemented optimization techniques and risk assessment algorithms can aid in advancing risk management practices in emerging markets, particularly in the wake of the 2007–2009 financial turmoil. Furthermore, the proposed risk management technique and optimization algorithms can have important applications for financial technology (FinTech) and reinforcement machine learning in big data environments.",regimes,3,openalex,True,supporting,,2026-04-10T17:32:21.127577+00:00
P0135,"Optimization of Regulatory Economic-Capital Structured Portfolios: Modeling Algorithms, Financial Data Analytics, and Reinforcement Machine Learning in Emerging Markets",Mazin A. M. Al Janabi,2022,Contributions to finance and accounting,10.1007/978-3-030-83799-0_11,https://doi.org/10.1007/978-3-030-83799-0_11,,"JANABI, Mazin A. M. Al. Optimization of Regulatory Economic-Capital Structured Portfolios: Modeling Algorithms, Financial Data Analytics, and Reinforcement Machine Learning in Emerging Markets. Contributions to finance and accounting, 2022.",Janabi2022,"@article{Janabi2022,   title = {{Optimization of Regulatory Economic-Capital Structured Portfolios: Modeling Algorithms, Financial Data Analytics, and Reinforcement Machine Learning in Emerging Markets}},   author = {Mazin A. M. Al Janabi},   year = {2022},   journal = {Contributions to finance and accounting},   doi = {10.1007/978-3-030-83799-0_11}, } ",,regimes,3,openalex,True,context,,2026-04-10T17:32:21.127577+00:00
P0136,Equity Portfolio Optimization Using Reinforcement Learning: Emerging Market Case,Mert Candar; Alp Üstündağ,2022,Lecture notes in networks and systems,10.1007/978-3-031-09176-6_16,https://doi.org/10.1007/978-3-031-09176-6_16,,"CANDAR, Mert et al.. Equity Portfolio Optimization Using Reinforcement Learning: Emerging Market Case. Lecture notes in networks and systems, 2022.",Candar2022,"@article{Candar2022,   title = {{Equity Portfolio Optimization Using Reinforcement Learning: Emerging Market Case}},   author = {Mert Candar and Alp Üstündağ},   year = {2022},   journal = {Lecture notes in networks and systems},   doi = {10.1007/978-3-031-09176-6_16}, } ",,regimes,1,openalex,True,supporting,,2026-04-10T17:32:21.127577+00:00
P0137,Data-Driven Methodology to Support Long-Lasting Logistics and Decision Making for Urban Last-Mile Operations,Edgar Gutiérrez-Franco; Christopher Mejía‐Argueta; Luis Rabelo,2021,Sustainability,10.3390/su13116230,https://doi.org/10.3390/su13116230,https://www.mdpi.com/2071-1050/13/11/6230/pdf?version=1622534141,"GUTIÉRREZ-FRANCO, Edgar et al.. Data-Driven Methodology to Support Long-Lasting Logistics and Decision Making for Urban Last-Mile Operations. Sustainability, 2021.",GutirrezFranco2021,"@article{GutirrezFranco2021,   title = {{Data-Driven Methodology to Support Long-Lasting Logistics and Decision Making for Urban Last-Mile Operations}},   author = {Edgar Gutiérrez-Franco and Christopher Mejía‐Argueta and Luis Rabelo},   year = {2021},   journal = {Sustainability},   doi = {10.3390/su13116230},   abstract = {Last-mile operations in forward and reverse logistics are responsible for a large part of the costs, emissions, and times in supply chains. These operations have increased due to the growth of electronic commerce and direct-to-consumer strategies. We propose a novel data- and model-driven framework to support decision making for urban distribution. The methodology is composed of diverse, hybrid, a}, } ","Last-mile operations in forward and reverse logistics are responsible for a large part of the costs, emissions, and times in supply chains. These operations have increased due to the growth of electronic commerce and direct-to-consumer strategies. We propose a novel data- and model-driven framework to support decision making for urban distribution. The methodology is composed of diverse, hybrid, and complementary techniques integrated by a decision support system. This approach focuses on key elements of megacities such as socio-demographic diversity, portfolio mix, logistics fragmentation, high congestion factors, and dense commercial areas. The methodological framework will allow decision makers to create early warning systems and, with the implementation of optimization, machine learning, and simulation models together, make the best utilization of resources. The advantages of the system include flexibility in decision making, social welfare, increased productivity, and reductions in cost and environmental impacts. A real-world illustrative example is presented under conditions in one of the most congested cities: the megacity of Bogota, Colombia. Data come from a retail organization operating in the city. A network of stakeholders is analyzed to understand the complex urban distribution. The execution of the methodology was capable of solving a complex problem reducing the number of vehicles utilized, increasing the resource capacity utilization, and reducing the cost of operations of the fleet, meeting all constraints. These constraints included the window of operations and accomplishing the total number of deliveries. Furthermore, the methodology could accomplish the learning function using deep reinforcement learning in reasonable computational times. This preliminary analysis shows the potential benefits, especially in understudied metropolitan areas from emerging markets, supporting a more effective delivery process, and encouraging proactive, dynamic decision making during the execution stage.",regimes,89,openalex,True,supporting,,2026-04-10T17:32:21.127577+00:00
P0138,"Clarifying Business Models: Origins, Present, and Future of the Concept",Alexander Osterwalder; Yves Pigneur; Christopher L. Tucci,2005,Communications of the Association for Information Systems,10.17705/1cais.01601,https://doi.org/10.17705/1cais.01601,https://aisel.aisnet.org/cgi/viewcontent.cgi?article=3016&context=cais,"OSTERWALDER, Alexander et al.. Clarifying Business Models: Origins, Present, and Future of the Concept. Communications of the Association for Information Systems, 2005.",Osterwalder2005,"@article{Osterwalder2005,   title = {{Clarifying Business Models: Origins, Present, and Future of the Concept}},   author = {Alexander Osterwalder and Yves Pigneur and Christopher L. Tucci},   year = {2005},   journal = {Communications of the Association for Information Systems},   doi = {10.17705/1cais.01601},   abstract = {This paper aims to clarify the concept of business models, its usages, and its roles in the Information Systems domain. A review of the literature shows a broad diversity of understandings, usages, and places in the firm. The paper identifies the terminology or ontology used to describe a business model, and compares this terminology with previous work. Then the general usages, roles and potential}, } ","This paper aims to clarify the concept of business models, its usages, and its roles in the Information Systems domain. A review of the literature shows a broad diversity of understandings, usages, and places in the firm. The paper identifies the terminology or ontology used to describe a business model, and compares this terminology with previous work. Then the general usages, roles and potential of the concept are outlined. Finally, the connection between the business model concept and Information Systems is described in the form of eight propositions to be analyzed in future work.",regimes,3299,openalex,True,context,,2026-04-10T17:32:21.127577+00:00
P0139,Applying Artificial Intelligence in Cryptocurrency Markets: A Survey,Rasoul Amirzadeh; Asef Nazari; Dhananjay Thiruvady,2022,Algorithms,10.3390/a15110428,https://doi.org/10.3390/a15110428,https://www.mdpi.com/1999-4893/15/11/428/pdf?version=1668434303,"AMIRZADEH, Rasoul et al.. Applying Artificial Intelligence in Cryptocurrency Markets: A Survey. Algorithms, 2022.",Amirzadeh2022,"@article{Amirzadeh2022,   title = {{Applying Artificial Intelligence in Cryptocurrency Markets: A Survey}},   author = {Rasoul Amirzadeh and Asef Nazari and Dhananjay Thiruvady},   year = {2022},   journal = {Algorithms},   doi = {10.3390/a15110428},   abstract = {The total capital in cryptocurrency markets is around two trillion dollars in 2022, which is almost the same as Apple’s market capitalisation at the same time. Increasingly, cryptocurrencies have become established in financial markets with an enormous number of transactions and trades happening every day. Similar to other financial systems, price prediction is one of the main challenges in crypto}, } ","The total capital in cryptocurrency markets is around two trillion dollars in 2022, which is almost the same as Apple’s market capitalisation at the same time. Increasingly, cryptocurrencies have become established in financial markets with an enormous number of transactions and trades happening every day. Similar to other financial systems, price prediction is one of the main challenges in cryptocurrency trading. Therefore, the application of artificial intelligence, as one of the tools of prediction, has emerged as a recently popular subject of investigation in the cryptocurrency domain. Since machine learning models, as opposed to traditional financial models, demonstrate satisfactory performance in quantitative finance, they seem ideal for coping with the price prediction problem in the complex and volatile cryptocurrency market. There have been several studies that have focused on applying machine learning for price and movement prediction and portfolio management in cryptocurrency markets, though these methods and models are in their early stages. This survey paper aims to review the current research trends in applications of supervised and reinforcement learning models in cryptocurrency price prediction. This study also highlights potential research gaps and possible areas for improvement. In addition, it emphasises potential challenges and research directions that will be of interest in the artificial intelligence and machine learning communities focusing on cryptocurrencies.",regimes,36,openalex,True,supporting,,2026-04-10T17:32:21.127577+00:00
P0140,Take Bitcoin into your portfolio: a novel ensemble portfolio optimization framework for broad commodity assets,Yuze Li; Shangrong Jiang; Yunjie Wei; Shouyang Wang,2021,Financial Innovation,10.1186/s40854-021-00281-x,https://doi.org/10.1186/s40854-021-00281-x,https://jfin-swufe.springeropen.com/track/pdf/10.1186/s40854-021-00281-x,"LI, Yuze et al.. Take Bitcoin into your portfolio: a novel ensemble portfolio optimization framework for broad commodity assets. Financial Innovation, 2021.",Li2021a,"@article{Li2021a,   title = {{Take Bitcoin into your portfolio: a novel ensemble portfolio optimization framework for broad commodity assets}},   author = {Yuze Li and Shangrong Jiang and Yunjie Wei and Shouyang Wang},   year = {2021},   journal = {Financial Innovation},   doi = {10.1186/s40854-021-00281-x},   abstract = {Abstract The emergence and growing popularity of Bitcoins have attracted the attention of the financial world. However, few empirical studies have considered the inclusion of the newly emerged commodity asset in the global commodity market. It is of great importance for investors and policymakers to take advantage of this asset and its potential benefits by incorporating it as a part of the broad }, } ","Abstract The emergence and growing popularity of Bitcoins have attracted the attention of the financial world. However, few empirical studies have considered the inclusion of the newly emerged commodity asset in the global commodity market. It is of great importance for investors and policymakers to take advantage of this asset and its potential benefits by incorporating it as a part of the broad commodity trading portfolio. In this study, we propose a novel ensemble portfolio optimization (NEPO) framework utilized for broad commodity assets, which integrates a hybrid variational mode decomposition-bidirectional long short-term memory deep learning model for future returns forecast and a reinforcement learning-based model for optimizing the asset weight allocation. Our empirical results indicate that the NEPO framework could effectively improve the prediction accuracy and trend prediction ability across various commodity assets from different sectors. In addition, it could effectively incorporate Bitcoins into the asset pool and achieve better financial performance compared to traditional asset allocation strategies, commodity funds, and indices.",regimes,21,openalex,True,supporting,,2026-04-10T17:32:21.127577+00:00
P0141,"Multi-asset portfolio optimization and out-of-sample performance: an evaluation of Black–Litterman, mean-variance, and naïve diversification approaches",Wolfgang Bessler; Heiko Opfer; Dominik Wolff,2014,European Journal of Finance,10.1080/1351847x.2014.953699,https://doi.org/10.1080/1351847x.2014.953699,,"BESSLER, Wolfgang et al.. Multi-asset portfolio optimization and out-of-sample performance: an evaluation of Black–Litterman, mean-variance, and naïve diversification approaches. European Journal of Finance, 2014.",Bessler2014,"@article{Bessler2014,   title = {{Multi-asset portfolio optimization and out-of-sample performance: an evaluation of Black–Litterman, mean-variance, and naïve diversification approaches}},   author = {Wolfgang Bessler and Heiko Opfer and Dominik Wolff},   year = {2014},   journal = {European Journal of Finance},   doi = {10.1080/1351847x.2014.953699},   abstract = {The Black–Litterman model aims to enhance asset allocation decisions by overcoming the problems of mean-variance portfolio optimization. We propose a sample-based version of the Black–Litterman model and implement it on a multi-asset portfolio consisting of global stocks, bonds, and commodity indices, covering the period from January 1993 to December 2011. We test its out-of-sample performance rel}, } ","The Black–Litterman model aims to enhance asset allocation decisions by overcoming the problems of mean-variance portfolio optimization. We propose a sample-based version of the Black–Litterman model and implement it on a multi-asset portfolio consisting of global stocks, bonds, and commodity indices, covering the period from January 1993 to December 2011. We test its out-of-sample performance relative to other asset allocation models and find that Black–Litterman optimized portfolios significantly outperform naïve-diversified portfolios (1/N rule and strategic weights), and consistently perform better than mean-variance, Bayes–Stein, and minimum-variance strategies in terms of out-of-sample Sharpe ratios, even after controlling for different levels of risk aversion, investment constraints, and transaction costs. The BL model generates portfolios with lower risk, less extreme asset allocations, and higher diversification across asset classes. Sensitivity analyses indicate that these advantages are due to more stable mixed return estimates that incorporate the reliability of return predictions, smaller estimation errors, and lower turnover.",benchmarks,108,openalex,True,supporting,,2026-04-10T17:32:21.127577+00:00
P0142,An equilibrium model of the international capital market,Bruno Solnik,1974,Journal of Economic Theory,10.1016/0022-0531(74)90024-6,https://doi.org/10.1016/0022-0531(74)90024-6,,"SOLNIK, Bruno. An equilibrium model of the international capital market. Journal of Economic Theory, 1974.",Solnik1974,"@article{Solnik1974,   title = {{An equilibrium model of the international capital market}},   author = {Bruno Solnik},   year = {1974},   journal = {Journal of Economic Theory},   doi = {10.1016/0022-0531(74)90024-6}, } ",,benchmarks,1175,openalex,True,context,,2026-04-10T17:32:21.127577+00:00
P0143,Sparse and stable Markowitz portfolios,Joshua Brodie; Ingrid Daubechies; Christine De Mol; Domenico Giannone; Ignace Loris,2009,Proceedings of the National Academy of Sciences,10.1073/pnas.0904287106,https://doi.org/10.1073/pnas.0904287106,https://arxiv.org/pdf/0708.0046,"BRODIE, Joshua et al.. Sparse and stable Markowitz portfolios. Proceedings of the National Academy of Sciences, 2009.",Brodie2009,"@article{Brodie2009,   title = {{Sparse and stable Markowitz portfolios}},   author = {Joshua Brodie and Ingrid Daubechies and Christine De Mol and Domenico Giannone and Ignace Loris},   year = {2009},   journal = {Proceedings of the National Academy of Sciences},   doi = {10.1073/pnas.0904287106},   abstract = {We consider the problem of portfolio selection within the classical Markowitz mean-variance framework, reformulated as a constrained least-squares regression problem. We propose to add to the objective function a penalty proportional to the sum of the absolute values of the portfolio weights. This penalty regularizes (stabilizes) the optimization problem, encourages sparse portfolios (i.e., portfo}, } ","We consider the problem of portfolio selection within the classical Markowitz mean-variance framework, reformulated as a constrained least-squares regression problem. We propose to add to the objective function a penalty proportional to the sum of the absolute values of the portfolio weights. This penalty regularizes (stabilizes) the optimization problem, encourages sparse portfolios (i.e., portfolios with only few active positions), and allows accounting for transaction costs. Our approach recovers as special cases the no-short-positions portfolios, but does allow for short positions in limited number. We implement this methodology on two benchmark data sets constructed by Fama and French. Using only a modest amount of training data, we construct portfolios whose out-of-sample performance, as measured by Sharpe ratio, is consistently and significantly better than that of the naïve evenly weighted portfolio.",benchmarks,492,openalex,True,supporting,,2026-04-10T17:32:21.127577+00:00
P0144,Portfolio Selection with Robust Estimation,Victor DeMiguel; Francisco J. Nogales,2009,Operations Research,10.1287/opre.1080.0566,https://doi.org/10.1287/opre.1080.0566,,"DEMIGUEL, Victor et al.. Portfolio Selection with Robust Estimation. Operations Research, 2009.",DeMiguel2009,"@article{DeMiguel2009,   title = {{Portfolio Selection with Robust Estimation}},   author = {Victor DeMiguel and Francisco J. Nogales},   year = {2009},   journal = {Operations Research},   doi = {10.1287/opre.1080.0566},   abstract = {Mean-variance portfolios constructed using the sample mean and covariance matrix of asset returns perform poorly out of sample due to estimation error. Moreover, it is commonly accepted that estimation error in the sample mean is much larger than in the sample covariance matrix. For this reason, researchers have recently focused on the minimum-variance portfolio, which relies solely on estimates o}, } ","Mean-variance portfolios constructed using the sample mean and covariance matrix of asset returns perform poorly out of sample due to estimation error. Moreover, it is commonly accepted that estimation error in the sample mean is much larger than in the sample covariance matrix. For this reason, researchers have recently focused on the minimum-variance portfolio, which relies solely on estimates of the covariance matrix, and thus usually performs better out of sample. However, even the minimum-variance portfolios are quite sensitive to estimation error and have unstable weights that fluctuate substantially over time. In this paper, we propose a class of portfolios that have better stability properties than the traditional minimum-variance portfolios. The proposed portfolios are constructed using certain robust estimators and can be computed by solving a single nonlinear program, where robust estimation and portfolio optimization are performed in a single step. We show analytically that the resulting portfolio weights are less sensitive to changes in the asset-return distribution than those of the traditional portfolios. Moreover, our numerical results on simulated and empirical data confirm that the proposed portfolios are more stable than the traditional minimum-variance portfolios, while preserving (or slightly improving) their relatively good out-of-sample performance.",benchmarks,311,openalex,True,supporting,,2026-04-10T17:32:21.127577+00:00
P0145,It’s All in the Timing: Simple Active Portfolio Strategies that Outperform Naïve Diversification,Chris Kirby; Barbara Ostdiek,2012,Journal of Financial and Quantitative Analysis,10.1017/s0022109012000117,https://doi.org/10.1017/s0022109012000117,,"KIRBY, Chris et al.. It’s All in the Timing: Simple Active Portfolio Strategies that Outperform Naïve Diversification. Journal of Financial and Quantitative Analysis, 2012.",Kirby2012,"@article{Kirby2012,   title = {{It’s All in the Timing: Simple Active Portfolio Strategies that Outperform Naïve Diversification}},   author = {Chris Kirby and Barbara Ostdiek},   year = {2012},   journal = {Journal of Financial and Quantitative Analysis},   doi = {10.1017/s0022109012000117},   abstract = {Abstract DeMiguel, Garlappi, and Uppal (2009) report that naïve diversification dominates mean-variance optimization in out-of-sample asset allocation tests. Our analysis suggests that this is largely due to their research design, which focuses on portfolios that are subject to high estimation risk and extreme turnover. We find that mean-variance optimization often outperforms naïve diversificatio}, } ","Abstract DeMiguel, Garlappi, and Uppal (2009) report that naïve diversification dominates mean-variance optimization in out-of-sample asset allocation tests. Our analysis suggests that this is largely due to their research design, which focuses on portfolios that are subject to high estimation risk and extreme turnover. We find that mean-variance optimization often outperforms naïve diversification, but turnover can erode its advantage in the presence of transaction costs. To address this issue, we develop 2 new methods of mean-variance portfolio selection (volatility timing and reward-to-risk timing) that deliver portfolios characterized by low turnover. These timing strategies outperform naïve diversification even in the presence of high transaction costs.",benchmarks,302,openalex,True,supporting,,2026-04-10T17:32:21.127577+00:00
P0146,Machine Learning and Portfolio Optimization,Gah‐Yi Ban; Noureddine El Karoui; Andrew E. B. Lim,2016,Management Science,10.1287/mnsc.2016.2644,https://doi.org/10.1287/mnsc.2016.2644,https://lbsresearch.london.edu/id/eprint/545/1/Bahn_GY_Machine_Learning_Portfolio_Optimization_Mgt_Sci_2016.pdf,"BAN, Gah‐Yi et al.. Machine Learning and Portfolio Optimization. Management Science, 2016.",Ban2016,"@article{Ban2016,   title = {{Machine Learning and Portfolio Optimization}},   author = {Gah‐Yi Ban and Noureddine El Karoui and Andrew E. B. Lim},   year = {2016},   journal = {Management Science},   doi = {10.1287/mnsc.2016.2644},   abstract = {The portfolio optimization model has limited impact in practice because of estimation issues when applied to real data. To address this, we adapt two machine learning methods, regularization and cross-validation, for portfolio optimization. First, we introduce performance-based regularization (PBR), where the idea is to constrain the sample variances of the estimated portfolio risk and return, whi}, } ","The portfolio optimization model has limited impact in practice because of estimation issues when applied to real data. To address this, we adapt two machine learning methods, regularization and cross-validation, for portfolio optimization. First, we introduce performance-based regularization (PBR), where the idea is to constrain the sample variances of the estimated portfolio risk and return, which steers the solution toward one associated with less estimation error in the performance. We consider PBR for both mean-variance and mean-conditional value-at-risk (CVaR) problems. For the mean-variance problem, PBR introduces a quartic polynomial constraint, for which we make two convex approximations: one based on rank-1 approximation and another based on a convex quadratic approximation. The rank-1 approximation PBR adds a bias to the optimal allocation, and the convex quadratic approximation PBR shrinks the sample covariance matrix. For the mean-CVaR problem, the PBR model is a combinatorial optimization problem, but we prove its convex relaxation, a quadratically constrained quadratic program, is essentially tight. We show that the PBR models can be cast as robust optimization problems with novel uncertainty sets and establish asymptotic optimality of both sample average approximation (SAA) and PBR solutions and the corresponding efficient frontiers. To calibrate the right-hand sides of the PBR constraints, we develop new, performance-based k-fold cross-validation algorithms. Using these algorithms, we carry out an extensive empirical investigation of PBR against SAA, as well as L1 and L2 regularizations and the equally weighted portfolio. We find that PBR dominates all other benchmarks for two out of three Fama–French data sets. This paper was accepted by Yinyu Ye, optimization.",benchmarks,272,openalex,True,supporting,,2026-04-10T17:32:21.127577+00:00
P0147,Decision-making for financial trading: A fusion approach of machine learning and portfolio selection,Felipe Dias Paiva; Rodrigo T. N. Cardoso; Gustavo Peixoto Hanaoka; Wendel Moreira Duarte,2018,Expert Systems with Applications,10.1016/j.eswa.2018.08.003,https://doi.org/10.1016/j.eswa.2018.08.003,,"PAIVA, Felipe Dias et al.. Decision-making for financial trading: A fusion approach of machine learning and portfolio selection. Expert Systems with Applications, 2018.",Paiva2018,"@article{Paiva2018,   title = {{Decision-making for financial trading: A fusion approach of machine learning and portfolio selection}},   author = {Felipe Dias Paiva and Rodrigo T. N. Cardoso and Gustavo Peixoto Hanaoka and Wendel Moreira Duarte},   year = {2018},   journal = {Expert Systems with Applications},   doi = {10.1016/j.eswa.2018.08.003}, } ",,benchmarks,263,openalex,True,context,,2026-04-10T17:32:21.127577+00:00
P0148,It’s All in the Timing: Simple Active Portfolio Strategies that Outperform Naive Diversification,Chris Kirby; Barbara Ostdiek,2010,SSRN Electronic Journal,10.2139/ssrn.1530022,https://doi.org/10.2139/ssrn.1530022,,"KIRBY, Chris et al.. It’s All in the Timing: Simple Active Portfolio Strategies that Outperform Naive Diversification. SSRN Electronic Journal, 2010.",Kirby2010,"@article{Kirby2010,   title = {{It’s All in the Timing: Simple Active Portfolio Strategies that Outperform Naive Diversification}},   author = {Chris Kirby and Barbara Ostdiek},   year = {2010},   journal = {SSRN Electronic Journal},   doi = {10.2139/ssrn.1530022}, } ",,benchmarks,69,openalex,True,context,,2026-04-10T17:32:21.127577+00:00
P0149,Gains from Markowitz Optimization: Evidence from Reoptimization of Mutual Fund Holdings,Tony Elavia; S. P. Kothari; Xu Li; Haifeng You,2021,The Journal of Portfolio Management,10.3905/jpm.2021.1.319,https://doi.org/10.3905/jpm.2021.1.319,,"ELAVIA, Tony et al.. Gains from Markowitz Optimization: Evidence from Reoptimization of Mutual Fund Holdings. The Journal of Portfolio Management, 2021.",Elavia2021,"@article{Elavia2021,   title = {{Gains from Markowitz Optimization: Evidence from Reoptimization of Mutual Fund Holdings}},   author = {Tony Elavia and S. P. Kothari and Xu Li and Haifeng You},   year = {2021},   journal = {The Journal of Portfolio Management},   doi = {10.3905/jpm.2021.1.319},   abstract = {Prior studies have challenged the practical usefulness of Markowitz portfolio optimization in improving the return–risk trade-off in portfolio management. The authors approach this question from a unique angle by examining whether one can improve the performance of a large sample of actual mutual fund portfolios by reoptimizing the holdings using simple mean–variance optimization methods. The anal}, } ","Prior studies have challenged the practical usefulness of Markowitz portfolio optimization in improving the return–risk trade-off in portfolio management. The authors approach this question from a unique angle by examining whether one can improve the performance of a large sample of actual mutual fund portfolios by reoptimizing the holdings using simple mean–variance optimization methods. The analyses produce compelling evidence of the benefits of Markowitz optimization. Simple portfolio optimization improves mutual fund portfolios’ risk-adjusted performance despite noisy expected return estimates inferred from mutual fund portfolio weights. Several alternative optimization strategies, including the risk-parity portfolio, minimum variance portfolio, mean–variance portfolio, and Sharpe ratio maximization portfolio, all outperform actual mutual fund portfolios in terms of the Sharpe ratio and other risk-adjusted performance measures. Moreover, the results are robust to subsamples partitioned on various dimensions. In contrast to the findings of DeMiguel et al. (2009), the authors find that the 1/N portfolio performs the worst.",benchmarks,3,openalex,True,supporting,,2026-04-10T17:32:21.127577+00:00
P0150,The role of bitcoin in well diversified portfolios: A comparative global study,Anton Kajtazi; Andrea Moro,2018,International Review of Financial Analysis,10.1016/j.irfa.2018.10.003,https://doi.org/10.1016/j.irfa.2018.10.003,https://dspace.lib.cranfield.ac.uk/bitstreams/4e455248-6fd5-4365-b16e-894f2204bcdb/download,"KAJTAZI, Anton et al.. The role of bitcoin in well diversified portfolios: A comparative global study. International Review of Financial Analysis, 2018.",Kajtazi2018,"@article{Kajtazi2018,   title = {{The role of bitcoin in well diversified portfolios: A comparative global study}},   author = {Anton Kajtazi and Andrea Moro},   year = {2018},   journal = {International Review of Financial Analysis},   doi = {10.1016/j.irfa.2018.10.003}, } ",,benchmarks,256,openalex,True,context,,2026-04-10T17:32:21.127577+00:00
P0151,Heuristics as adaptive decision strategies in management,Florian Artinger; Malte Petersen; Gerd Gigerenzer; Jürgen Weibler,2014,Journal of Organizational Behavior,10.1002/job.1950,https://doi.org/10.1002/job.1950,https://onlinelibrary.wiley.com/doi/pdfdirect/10.1002/job.1950,"ARTINGER, Florian et al.. Heuristics as adaptive decision strategies in management. Journal of Organizational Behavior, 2014.",Artinger2014,"@article{Artinger2014,   title = {{Heuristics as adaptive decision strategies in management}},   author = {Florian Artinger and Malte Petersen and Gerd Gigerenzer and Jürgen Weibler},   year = {2014},   journal = {Journal of Organizational Behavior},   doi = {10.1002/job.1950},   abstract = {In the management literature, heuristics are often conceived of as a source of systematic error, whereas logic and statistics are regarded as the sine qua non of good decision making. Yet, this view can be incorrect for decisions made under uncertainty, as opposed to risk. Research on fast and frugal heuristics shows that simple heuristics can be successful in complex, uncertain environments and a}, } ","In the management literature, heuristics are often conceived of as a source of systematic error, whereas logic and statistics are regarded as the sine qua non of good decision making. Yet, this view can be incorrect for decisions made under uncertainty, as opposed to risk. Research on fast and frugal heuristics shows that simple heuristics can be successful in complex, uncertain environments and also when and why this is the case. This article describes the conceptual framework of heuristics as adaptive decision strategies and connects it with the managerial literature. We review five classes of heuristics, analyze their common building blocks, and show how these are applied in managerial decision making. We conclude by highlighting some prominent opportunities for future research in the field. In the uncertain world of management, simple heuristics can lead to better and faster decisions than complex statistical procedures. Copyright © 2014 John Wiley & Sons, Ltd.",benchmarks,248,openalex,True,context,,2026-04-10T17:32:21.127577+00:00
P0152,Beyond the Carry Trade: Optimal Currency Portfolios,Pedro Barroso; Pedro Santa‐Clara,2015,Journal of Financial and Quantitative Analysis,10.1017/s0022109015000460,https://doi.org/10.1017/s0022109015000460,https://www.cambridge.org/core/services/aop-cambridge-core/content/view/CBE64E63B417A8BB12AF95FBD1AC105D/S0022109015000460a.pdf/div-class-title-beyond-the-carry-trade-optimal-currency-portfolios-div.pdf,"BARROSO, Pedro et al.. Beyond the Carry Trade: Optimal Currency Portfolios. Journal of Financial and Quantitative Analysis, 2015.",Barroso2015,"@article{Barroso2015,   title = {{Beyond the Carry Trade: Optimal Currency Portfolios}},   author = {Pedro Barroso and Pedro Santa‐Clara},   year = {2015},   journal = {Journal of Financial and Quantitative Analysis},   doi = {10.1017/s0022109015000460},   abstract = {Abstract We test the relevance of technical and fundamental variables in forming currency portfolios. Carry, momentum, and value reversal all contribute to portfolio performance, whereas the real exchange rate and the current account do not. The resulting optimal portfolio produces out-of-sample returns that are not explained by risk and are valuable to diversified investors holding stocks and bon}, } ","Abstract We test the relevance of technical and fundamental variables in forming currency portfolios. Carry, momentum, and value reversal all contribute to portfolio performance, whereas the real exchange rate and the current account do not. The resulting optimal portfolio produces out-of-sample returns that are not explained by risk and are valuable to diversified investors holding stocks and bonds. Exposure to currencies increases the Sharpe ratio of diversified portfolios by 0.5 on average, while reducing crash risk. We argue that besides risk, currency returns reflect the scarcity of speculative capital.",benchmarks,151,openalex,True,supporting,,2026-04-10T17:32:21.127577+00:00
P0153,Socially responsible investment portfolios: Does the optimization process matter?,Ioannis Oikonomou; Emmanouil Platanakis; Charles Sutcliffe,2017,The British Accounting Review,10.1016/j.bar.2017.10.003,https://doi.org/10.1016/j.bar.2017.10.003,https://purehost.bath.ac.uk/ws/files/158433520/SRI_Paper_Platanakis_et_al_Final_Draft_BAR_Pure_SSRN.pdf,"OIKONOMOU, Ioannis et al.. Socially responsible investment portfolios: Does the optimization process matter?. The British Accounting Review, 2017.",Oikonomou2017,"@article{Oikonomou2017,   title = {{Socially responsible investment portfolios: Does the optimization process matter?}},   author = {Ioannis Oikonomou and Emmanouil Platanakis and Charles Sutcliffe},   year = {2017},   journal = {The British Accounting Review},   doi = {10.1016/j.bar.2017.10.003}, } ",,benchmarks,97,openalex,True,context,,2026-04-10T17:32:21.127577+00:00
P0154,Can investor sentiment be a momentum time-series predictor? Evidence from China,Xing Han; Youwei Li,2017,Journal of Empirical Finance,10.1016/j.jempfin.2017.04.001,https://doi.org/10.1016/j.jempfin.2017.04.001,https://www.sciencedirect.com/science/article/pii/S0927539817300300,"HAN, Xing et al.. Can investor sentiment be a momentum time-series predictor? Evidence from China. Journal of Empirical Finance, 2017.",Han2017,"@article{Han2017,   title = {{Can investor sentiment be a momentum time-series predictor? Evidence from China}},   author = {Xing Han and Youwei Li},   year = {2017},   journal = {Journal of Empirical Finance},   doi = {10.1016/j.jempfin.2017.04.001}, } ",,benchmarks,163,openalex,True,context,,2026-04-10T17:32:21.127577+00:00
P0155,Sparse portfolio selection via the sorted ℓ1-Norm,Philipp J. Kremer; Sangkyun Lee; Małgorzata Bogdan; Sandra Paterlini,2019,Journal of Banking & Finance,10.1016/j.jbankfin.2019.105687,https://doi.org/10.1016/j.jbankfin.2019.105687,https://www.sciencedirect.com/science/article/pii/S0378426619302614,"KREMER, Philipp J. et al.. Sparse portfolio selection via the sorted ℓ1-Norm. Journal of Banking & Finance, 2019.",Kremer2019,"@article{Kremer2019,   title = {{Sparse portfolio selection via the sorted ℓ1-Norm}},   author = {Philipp J. Kremer and Sangkyun Lee and Małgorzata Bogdan and Sandra Paterlini},   year = {2019},   journal = {Journal of Banking & Finance},   doi = {10.1016/j.jbankfin.2019.105687}, } ",,benchmarks,65,openalex,True,context,,2026-04-10T17:32:21.127577+00:00
P0156,The Carry Trade and Fundamentals: Nothing to Fear But FEER Itself,Òscar Jordà; Alan M. Taylor,2009,National Bureau of Economic Research,10.3386/w15518,https://doi.org/10.3386/w15518,https://doi.org/10.3386/w15518,"JORDÀ, Òscar et al.. The Carry Trade and Fundamentals: Nothing to Fear But FEER Itself. National Bureau of Economic Research, 2009.",Jord2009,"@article{Jord2009,   title = {{The Carry Trade and Fundamentals: Nothing to Fear But FEER Itself}},   author = {Òscar Jordà and Alan M. Taylor},   year = {2009},   journal = {National Bureau of Economic Research},   doi = {10.3386/w15518},   abstract = {The carry trade is the investment strategy of going long in high-yield target currencies and short in low-yield funding currencies. Recently, this naive trade has seen very high returns for long periods, followed by large crash losses after large depreciations of the target currencies. Based on low Sharpe ratios and negative skew, these trades could appear unattractive, even when diversified acros}, } ","The carry trade is the investment strategy of going long in high-yield target currencies and short in low-yield funding currencies. Recently, this naive trade has seen very high returns for long periods, followed by large crash losses after large depreciations of the target currencies. Based on low Sharpe ratios and negative skew, these trades could appear unattractive, even when diversified across many currencies. But more sophisticated conditional trading strategies exhibit more favorable payoffs. We apply novel (within economics) binary-outcome classification tests to show that our directional trading forecasts are informative, and out-of-sample loss-function analysis to examine trading performance. The critical conditioning variable, we argue, is the fundamental equilibrium exchange rate (FEER). Expected returns are lower, all else equal, when the target currency is overvalued. Like traders, researchers should incorporate this information when evaluating trading strategies. When we do so, some questions are resolved: negative skewness is purged, and market volatility (VIX) is uncorrelated with returns; other puzzles remain: the more sophisticated strategy has a very high Sharpe ratio, suggesting market inefficiency.",benchmarks,74,openalex,True,supporting,,2026-04-10T17:32:21.127577+00:00
P0157,Harmful diversification: Evidence from alternative investments,Emmanouil Platanakis; Αθανάσιος Σάκκας; Charles Sutcliffe,2018,The British Accounting Review,10.1016/j.bar.2018.08.003,https://doi.org/10.1016/j.bar.2018.08.003,https://eprints.soton.ac.uk/423105/1/ALT_BAR_forthcoming.pdf,"PLATANAKIS, Emmanouil et al.. Harmful diversification: Evidence from alternative investments. The British Accounting Review, 2018.",Platanakis2018,"@article{Platanakis2018,   title = {{Harmful diversification: Evidence from alternative investments}},   author = {Emmanouil Platanakis and Αθανάσιος Σάκκας and Charles Sutcliffe},   year = {2018},   journal = {The British Accounting Review},   doi = {10.1016/j.bar.2018.08.003}, } ",,benchmarks,70,openalex,True,context,,2026-04-10T17:32:21.127577+00:00
P0158,Bitcoin and Portfolio Diversification: A Portfolio Optimization Approach,Walid Bakry; Audil Rashid; Somar Al-Mohamad; Nasser Elkanj,2021,Journal of risk and financial management,10.3390/jrfm14070282,https://doi.org/10.3390/jrfm14070282,https://www.mdpi.com/1911-8074/14/7/282/pdf?version=1624354278,"BAKRY, Walid et al.. Bitcoin and Portfolio Diversification: A Portfolio Optimization Approach. Journal of risk and financial management, 2021.",Bakry2021,"@article{Bakry2021,   title = {{Bitcoin and Portfolio Diversification: A Portfolio Optimization Approach}},   author = {Walid Bakry and Audil Rashid and Somar Al-Mohamad and Nasser Elkanj},   year = {2021},   journal = {Journal of risk and financial management},   doi = {10.3390/jrfm14070282},   abstract = {This study investigates the performance of Bitcoin as a diversifier under different constraining portfolio optimization frameworks. The study employs different constraining optimization frameworks that seek to maximize risk-adjusted returns (Sharpe ratio) of the portfolio by optimizing allocations to each asset class (asset allocation). The performance attributes are evaluated by comparing the por}, } ","This study investigates the performance of Bitcoin as a diversifier under different constraining portfolio optimization frameworks. The study employs different constraining optimization frameworks that seek to maximize risk-adjusted returns (Sharpe ratio) of the portfolio by optimizing allocations to each asset class (asset allocation). The performance attributes are evaluated by comparing the portfolios both with and without Bitcoin under frameworks ranging from equal-weighted, risk-parity, and semi-constrained to unconstrained. This study suggests that Bitcoin, due to its exotic nature, unwavering appeal, and unknown set of drivers, could act as a diversifier in normal market conditions, and it might also have some borderline hedge to safe haven properties. The results further suggest that while Bitcoin may be a potential diversifier for a risk-seeking investor, the risk-averse investor must exercise caution by limiting their exposure to Bitcoin in their portfolios, as unnecessary exposure may increase the probability of losses in extreme market conditions.",benchmarks,49,openalex,True,supporting,,2026-04-10T17:32:21.127577+00:00
P0159,Optimal Versus Naive Diversification: How Inefficient is the 1/<i>N</i>Portfolio Strategy?,Victor DeMiguel; Lorenzo Garlappi; Raman Uppal,2007,Review of Financial Studies,10.1093/rfs/hhm075,https://doi.org/10.1093/rfs/hhm075,,"DEMIGUEL, Victor et al.. Optimal Versus Naive Diversification: How Inefficient is the 1/<i>N</i>Portfolio Strategy?. Review of Financial Studies, 2007.",DeMiguel2007,"@article{DeMiguel2007,   title = {{Optimal Versus Naive Diversification: How Inefficient is the 1/<i>N</i>Portfolio Strategy?}},   author = {Victor DeMiguel and Lorenzo Garlappi and Raman Uppal},   year = {2007},   journal = {Review of Financial Studies},   doi = {10.1093/rfs/hhm075},   abstract = {We evaluate the out-of-sample performance of the sample-based mean-variance model, and its extensions designed to reduce estimation error, relative to the naive 1-N portfolio. Of the 14 models we evaluate across seven empirical datasets, none is consistently better than the 1-N rule in terms of Sharpe ratio, certainty-equivalent return, or turnover, which indicates that, out of sample, the gain fr}, } ","We evaluate the out-of-sample performance of the sample-based mean-variance model, and its extensions designed to reduce estimation error, relative to the naive 1-N portfolio. Of the 14 models we evaluate across seven empirical datasets, none is consistently better than the 1-N rule in terms of Sharpe ratio, certainty-equivalent return, or turnover, which indicates that, out of sample, the gain from optimal diversification is more than offset by estimation error. Based on parameters calibrated to the US equity market, our analytical results and simulations show that the estimation window needed for the sample-based mean-variance strategy and its extensions to outperform the 1-N benchmark is around 3000 months for a portfolio with 25 assets and about 6000 months for a portfolio with 50 assets. This suggests that there are still many ""miles to go"" before the gains promised by optimal portfolio choice can actually be realized out of sample. The Author 2007. Published by Oxford University Press on behalf of The Society for Financial Studies. All rights reserved. For Permissions, please email: journals.permissions@oxfordjournals.org, Oxford University Press.",benchmarks,3142,openalex,True,supporting,,2026-04-10T17:32:21.127577+00:00
P0160,Optimal versus Naive Diversification: How Inefficient Is the 1/N Portfolio Strategy?,Victor DeMiguel; Lorenzo Garlappi; Raman Uppal,2011,Oxford University Press eBooks,10.1093/acprof:oso/9780199744282.003.0034,https://doi.org/10.1093/acprof:oso/9780199744282.003.0034,,"DEMIGUEL, Victor et al.. Optimal versus Naive Diversification: How Inefficient Is the 1/N Portfolio Strategy?. Oxford University Press eBooks, 2011.",DeMiguel2011,"@article{DeMiguel2011,   title = {{Optimal versus Naive Diversification: How Inefficient Is the 1/N Portfolio Strategy?}},   author = {Victor DeMiguel and Lorenzo Garlappi and Raman Uppal},   year = {2011},   journal = {Oxford University Press eBooks},   doi = {10.1093/acprof:oso/9780199744282.003.0034},   abstract = {This chapter evaluates the out-of-sample performance of the sample-based mean-variance model, and its extensions designed to reduce estimation error, relative to the naive 1/N portfolio. Of the fourteen models the chapter evaluates across seven empirical datasets, none is consistently better than the 1/N rule in terms of Sharpe ratio, certainty-equivalent return, or turnover, which indicates that,}, } ","This chapter evaluates the out-of-sample performance of the sample-based mean-variance model, and its extensions designed to reduce estimation error, relative to the naive 1/N portfolio. Of the fourteen models the chapter evaluates across seven empirical datasets, none is consistently better than the 1/N rule in terms of Sharpe ratio, certainty-equivalent return, or turnover, which indicates that, out of sample, the gain from optimal diversification is more than offset by estimation error. Based on parameters calibrated to the US equity market, the analytical results and simulations show that the estimation window needed for the sample-based mean-variance strategy and its extensions to outperform the 1/N benchmark is around 3000 months for a portfolio with Twenty-five assets and about 6000 months for a portfolio with fifty assets. This suggests that there are still many “miles to go” before the gains promised by optimal portfolio choice can actually be realized out of sample.",benchmarks,322,openalex,True,supporting,,2026-04-10T17:32:21.127577+00:00
P0161,A Generalized Approach to Portfolio Optimization: Improving Performance by Constraining Portfolio Norms,Victor DeMiguel; Lorenzo Garlappi; Francisco J. Nogales; Raman Uppal,2009,Management Science,10.1287/mnsc.1080.0986,https://doi.org/10.1287/mnsc.1080.0986,,"DEMIGUEL, Victor et al.. A Generalized Approach to Portfolio Optimization: Improving Performance by Constraining Portfolio Norms. Management Science, 2009.",DeMiguel2009a,"@article{DeMiguel2009a,   title = {{A Generalized Approach to Portfolio Optimization: Improving Performance by Constraining Portfolio Norms}},   author = {Victor DeMiguel and Lorenzo Garlappi and Francisco J. Nogales and Raman Uppal},   year = {2009},   journal = {Management Science},   doi = {10.1287/mnsc.1080.0986},   abstract = {We provide a general framework for finding portfolios that perform well out-of-sample in the presence of estimation error. This framework relies on solving the traditional minimum-variance problem but subject to the additional constraint that the norm of the portfolio-weight vector be smaller than a given threshold. We show that our framework nests as special cases the shrinkage approaches of Jaga}, } ","We provide a general framework for finding portfolios that perform well out-of-sample in the presence of estimation error. This framework relies on solving the traditional minimum-variance problem but subject to the additional constraint that the norm of the portfolio-weight vector be smaller than a given threshold. We show that our framework nests as special cases the shrinkage approaches of Jagannathan and Ma (Jagannathan, R., T. Ma. 2003. Risk reduction in large portfolios: Why imposing the wrong constraints helps. J. Finance 58 1651–1684) and Ledoit and Wolf (Ledoit, O., M. Wolf. 2003. Improved estimation of the covariance matrix of stock returns with an application to portfolio selection. J. Empirical Finance 10 603–621, and Ledoit, O., M. Wolf. 2004. A well-conditioned estimator for large-dimensional covariance matrices. J. Multivariate Anal. 88 365–411) and the 1/N portfolio studied in DeMiguel et al. (DeMiguel, V., L. Garlappi, R. Uppal. 2009. Optimal versus naive diversification: How inefficient is the 1/N portfolio strategy? Rev. Financial Stud. 22 1915–1953). We also use our framework to propose several new portfolio strategies. For the proposed portfolios, we provide a moment-shrinkage interpretation and a Bayesian interpretation where the investor has a prior belief on portfolio weights rather than on moments of asset returns. Finally, we compare empirically the out-of-sample performance of the new portfolios we propose to 10 strategies in the literature across five data sets. We find that the norm-constrained portfolios often have a higher Sharpe ratio than the portfolio strategies in Jagannathan and Ma (2003), Ledoit and Wolf (2003, 2004), the 1/N portfolio, and other strategies in the literature, such as factor portfolios.",benchmarks,1086,openalex,True,supporting,,2026-04-10T17:32:21.127577+00:00
P0162,THE PERFORMANCE OF MUTUAL FUNDS IN THE PERIOD 1945–1964,Michael C. Jensen,1968,The Journal of Finance,10.1111/j.1540-6261.1968.tb00815.x,https://doi.org/10.1111/j.1540-6261.1968.tb00815.x,https://onlinelibrary.wiley.com/doi/pdfdirect/10.1111/j.1540-6261.1968.tb00815.x,"JENSEN, Michael C.. THE PERFORMANCE OF MUTUAL FUNDS IN THE PERIOD 1945–1964. The Journal of Finance, 1968.",Jensen1968,"@article{Jensen1968,   title = {{THE PERFORMANCE OF MUTUAL FUNDS IN THE PERIOD 1945–1964}},   author = {Michael C. Jensen},   year = {1968},   journal = {The Journal of Finance},   doi = {10.1111/j.1540-6261.1968.tb00815.x},   abstract = {The ability of the portfolio manager or security analyst to increase returns on the portfolio through successful prediction of future security prices, and The ability of the portfolio manager to minimize (through “efficient” diversification) the amount of “insurable risk” born by the holders of the portfolio. The major difficulty encountered in attempting to evaluate the performance of a portfolio}, } ","The ability of the portfolio manager or security analyst to increase returns on the portfolio through successful prediction of future security prices, and The ability of the portfolio manager to minimize (through “efficient” diversification) the amount of “insurable risk” born by the holders of the portfolio. The major difficulty encountered in attempting to evaluate the performance of a portfolio in these two dimensions has been the lack of a thorough understanding of the nature and measurement of “risk.” Evidence seems to indicate a predominance of risk aversion in the capital markets, and as long as investors correctly perceive the “riskiness” of various assets this implies that “risky” assets must on average yield higher returns than less “risky” assets.11 Assuming, of course, that investors' expectations are on average correct. Hence in evaluating the “performance” of portfolios the effects of differential degrees of risk on the returns of those portfolios must be taken into account. Recent developments in the theory of the pricing of capital assets by Sharpe 20, Lintner 15 and Treynor 25 allow us to formulate explicit measures of a portfolio's performance in each of the dimensions outlined above. These measures are derived and discussed in detail in Jensen 11. However, we shall confine our attention here only to the problem of evaluating a portfolio manager's predictive ability—that is his ability to earn returns through successful prediction of security prices which are higher than those which we could expect given the level of riskiness of his portfolio. The foundations of the model and the properties of the performance measure suggested here (which is somewhat different than that proposed in 11) are discussed in Section II. The model is illustrated in Section III by an application of it to the evaluation of the performance of 115 open end mutual funds in the period 1945–1964. A number of people in the past have attempted to evaluate the performance of portfolios22 See for example 2, 3, 7, 8, 9, 10, 21, 24. (primarily mutual funds), but almost all of these authors have relied heavily on relative measures of performance when what we really need is an absolute measure of performance. That is, they have relied mainly on procedures for ranking portfolios. For example, if there are two portfolios A and B, we not only would like to know whether A is better (in some sense) than B, but also whether A and B are good or bad relative to some absolute standard. The measure of performance suggested below is such an absolute measure.33 It is also interesting to note that the measure of performance suggested below is in many respects quite closely related to the measure suggested by Treynor 24. It is important to emphasize here again that the word “performance” is used here only to refer to a fund manager's forecasting ability. It does not refer to a portfolio's “efficiency” in the Markowitz-Tobin sense. A measure of “efficiency” and its relationship to certain measures of diversification and forecasting ability is derived and discussed in detail in Jensen 11. For purposes of brevity we confine ourselves here to an examination of a fund manager's forecasting ability which is of interest in and of itself (witness the widespread interest in the theory of random walks and its implications regarding forecasting success). In addition to the lack of an absolute measure of performance, these past studies of portfolio performance have been plagued with problems associated with the definition of “risk” and the need to adequately control for the varying degrees of riskiness among portfolios. The measure suggested below takes explicit account of the effects of “risk” on the returns of the portfolio. Finally, once we have a measure of portfolio “performance” we also need to estimate the measure's sampling error. That is we want to be able to measure its “significance” in the usual statistical sense. Such a measure of significance also is suggested below. Thus eq. (1) implies that the expected return on any asset is equal to the risk free rate plus a risk premium given by the product of the systematic risk of the asset and the risk premium on the market portfolio.55 Note that since σ 2 ( R ~ M ) is constant for all securities the risk of any security is just cov ( R ~ j , R ~ M ). But since c o v ( R ~ M , R ~ M ) = σ 2 ( R ~ M ) the risk of the market portfolio is just σ 2 ( R ~ M ), and thus we are really measuring the riskiness of any security relative to the risk of the market portfolio. Hence the systematic risk of the market portfolio, c o v ( R ~ M , R ~ M ) / σ 2 ( R ~ M ), is unity, and thus the dimension of the measure of systematic risk has a convenient intuitive interpretation. The risk premium on the market portfolio is the difference between the expected returns on the market portfolio and the risk free rate. Equation (1) then simply tells us what any security (or portfolio) can be expected to earn given its level of systematic risk, β j . If a portfolio manager or security analyst is able to predict future security prices he will be able to earn higher returns that those implied by eq. (1) and the riskiness of his portfolio. We now wish to show how (1) can be adapted and extended to provide an estimate of the forecasting ability of any portfolio manager. Note that (1) is stated in terms of the expected returns on any security or portfolio j and the expected returns on the market portfolio. Since these expectations are strictly unobservable we wish to show how (1) can be recast in terms of the objectively measurable realizations of returns on any portfolio j and the market portfolio M. The left hand side of (7) is the risk premium earned on the j'th portfolio. As long as the asset pricing model is valid this premium is equal to β j [ R ~ M t − R F t ] plus the random error term e ~ j t . The Measure of Performance.—Furthermore eq. (7) may be used directly for empirical estimation. If we wish to estimate the systematic risk of any individual security or of an unmanaged portfolio the constrained regression estimate of β j in eq. (7) will be an efficient estimate1111 In the statistical sense of the term. of this systematic risk. However, we must be very careful when applying the equation to managed portfolios. If the manager is a superior forecaster (perhaps because of special knowledge not available to others) he will tend to systematically select securities which realize e ~ j t > 0. Hence his portfolio will earn more than the “normal” risk premium for its level of risk. We must allow for this possibility in estimating the systematic risk of a managed portfolio. The new error term u ~ j t will now have E ( u ~ j t ) = 0, and should be serially independent.1212 If u ~ j t were not serially independent the manager could increase his return even more by taking account of the information contained in the serial dependence and would therefore eliminate it. Thus if the portfolio manager has an ability to forecast security prices, the intercept, α j , in eq. (8) will be positive. Indeed, it represents the average incremental rate of return on the portfolio per unit time which is due solely to the manager's ability to forecast future security prices. It is interesting to note that a naive random selection buy and hold policy can be expected to yield a zero intercept. In addition if the manager is not doing as well as a random selection buy and hold policy, α j will be negative. At first glance it might seem difficult to do worse than a random selection policy, but such results may very well be due to the generation of too many expenses in unsuccessful forecasting attempts. However, given that we observe a positive intercept in any sample of returns on a portfolio we have the difficulty of judging whether or not this observation was due to mere random chance or to the superior forecasting ability of the portfolio manager. Thus in order to make inferences regarding the fund manager's forecasting ability we need a measure of the standard error of estimate of the performance measure. Least squares regression theory provides an estimate of the dispersion of the sampling distribution of the intercept α j . Furthermore, the sampling distribution of the estimate, α ˆ j , is a student t distribution with n j − 2 degrees of freedom. These facts give us the information needed to make inferences regarding the statistical significance of the estimated performance measure. It should be emphasized that in estimating α j , the measure of performance, we are explicitly allowing for the effects of risk on return as implied by the asset pricing model. Moreover, it should also be noted that if the model is valid, the particular nature of general economic conditions or the particular market conditions (the behavior of π) over the sample or evaluation period has no effect whatsoever on the measure of performance. Thus our measure of performance can be legitimately compared across funds of different risk levels and across differing time periods irrespective of general economic and market conditions. The Effects of Non-Stationarity of the Risk Parameter.—It was pointed out earlier1313 See note 8 above. that by omitting the time subscript from β j (the risk parameter in eq. (8)) we were implicitly assuming the risk level of the portfolio under consideration is stationary through time. However, we know this need not be strictly true since the portfolio manager can certainly change the risk level of his portfolio very easily. He can simply switch from more risky to less risky equities (or vice versa), or he can simply change the distribution of the assets of the portfolio between equities, bonds and cash. Indeed the portfolio manager may consciously switch his portfolio holdings between equities, bonds and cash in trying to outguess the movements of the market. This consideration brings us to an important issue regarding the meaning of “forecasting ability.” A manager's forecasting ability may consist of an ability to forecast the price movements of individual securities and/or an ability to forecast the general behavior of security prices in the future (the “market factor” π in our model). Therefore we want an evaluation model which will incorporate and reflect the ability of the manager to forecast the market's behavior as well as his ability to choose individual issues. Thus the estimate of the risk parameter is biased downward by an amount given by a j E ( R ~ M ), where a j is the parameter given in eq. (10) (which describes the relationship between ε ~ j t and π ~ t ). By the arguments given earlier a j can never be negative and will be equal to zero when the manager possesses no market forecasting ability. This is important since it means that if the manager is unable to forecast general market movements we obtain an unbiased estimate of his ability to increase returns on the portfolio by choosing individual securities which are “undervalued.” However, if the manager does have an ability to forecast market movements we have seen that a j will be positive and therefore as shown in eq. (12) the estimated risk parameter will be biased downward. This means, of course, that the estimated performance measure ( α ˆ ) will be biased upward (since the regression line must pass through the point of sample means). Hence it seems clear that if the manager can forecast market movements at all we most certainly should see evidence of it since our techniques will tend to overstate the magnitude of the effects of this ability. That is, the performance measure, α j , will be positive for two reasons: (1) the extra returns actually earned on the portfolio due to the manager's ability, and (2) the positive bias in the estimate of α j resulting from the negative bias in our estimate of β j . The Data.—The sample consists of the returns on the portfolios of 115 open end mutual funds for which net asset and dividend information was available in Wiesenberger's Investment Companies for the ten-year period 1955–64.1616 The data were obtained primarily from the 1955 and 1965 editions of Wiesenberger 26, but some data not available in these editions were taken from the 1949–54 editions. Data on the College Retirement Equities Fund (not listed in Wiesenberger) were obtained directly from annual reports. All per share data were adjusted for stock splits and stock dividends to represent an equivalent share as of the end of December 1964. The funds are listed in Table 1 along with an identification number and code denoting the fund objectives (growth, income, etc.). Annual data were gathered for the period 1955–64 for all 115 funds and as many additional observations as possible were collected for these funds in the period 1945–54. For this earlier period, 10 years of complete data were obtained for 56 of the original 115 funds. Definitions of the Variables.—The following are the exact definitions of the variables used in the estimation procedures: The Empirical Results.—Table 2 presents some summary statistics of the frequency distributions of the regression estimates of the parameters of eq. (8) for all 115 mutual funds using all sample data available for each fund in the period 1945–64. The table presents the mean, median, extreme values, and mean absolute deviation of the 115 estimates of α, β, r 2 , and ρ ( u t , u t − 1 ) (the first order autocorrelation of residuals). As can be seen in the table the average intercept was −.011 with a minimum value of −.078 and a maximum value of .058. We defer a detailed discussion of the implications of these estimated intercepts for a moment. Since the average value of β was only .840, on average these funds tended to hold portfolios which were less risky than the market portfolio. Thus any attempt to compare the average returns on these funds to the returns on a market index without explicit adjustment for differential riskiness would be biased against the funds. The average squared correlation coefficient, r ˆ 2 , was .865 and indicates in general that eq. (8) fits the data for most of the funds quite closely. The average first order autocorrelation of residuals, −.077, is quite small as expected. Our primary concern in this paper is the interpretation of the estimated intercepts. They are presented in Table 3 along with the fund identification number and the “t” values and sample sizes. The observations are ordered from lowest to highest on the basis of α ˆ . The estimates range from −.0805 to +.0582. Table 4 and Figures 1–4 present summary frequency distributions of these estimates (along with the distributions of the coefficients estimated for several other time intervals which will be discussed below). Frequency distribution (from col. (1), Table 4) of estimated intercepts ( α ˆ ) for eq. (8) for 115 mutual funds for all years available for each fund. Fund returns calculated net of all expenses. In order to obtain additional information about the forecasting success of fund managers eq. (8) was also estimated using fund returns calculated before deduction of fund expenses as well as after. Fund loading charges were ignored in all cases.2020 The loading charges have been ignored since our main interest here is not to evaluate the funds from the standpoint of the individual investor but only to evaluate the fund managers' forecasting ability. Columns 1 and 2 of Table 4 and Figures 1 and 2 present the frequency distributions of the estimated a's obtained by using all sample data available for each fund. The number of observations in the estimating equation varies from 10 to 20 and the time periods are obviously not all identical. Column 1 and Figure 1 present the frequency distribution of the 115 intercepts estimated on the basis of fund returns calculated net of all expenses. Column 2 of Table 4 and Figure 2 present the frequency distributions of the estimates obtained from the fund returns calculated before deductions of management expenses (as given by Wiesenberger 262121 Actual expense data were available only for the 10 years 1955–64. Therefore in estimating gross returns for the years 1945–54 the expense ratio for 1955 was added (before adjustment to a continuous base) to the returns for these earlier years.). Frequency distribution (from col. (2), Table 4) of estimated intercepts ( α ˆ ) for eq. (8) for 115 mutual funds for all years available for each fund. Fund returns calculated gross of all management expenses. The average value of α ˆ calculated net of expenses was −.011 which indicates that on average the funds earned about 1.1% less per year (compounded continuously) than they should have earned given their level of systematic risk. It is also clear from Figure 1 that the distribution is skewed to the low side with 76 funds having α ˆ j < 0 and only 39 with α ˆ j > 0. Frequency distribution (from col. (3), Table 4) of estimated intercepts ( α ˆ ) for eq. (8) for 56 mutual funds for which complete data were available in the period 1945–64. Fund returns calculated gross of all management expenses. The model implies that with a random selection buy and hold policy one should expect on average to do no worse than α = 0. Thus it appears from the preponderance of negative α's that the funds are not able to forecast future security prices well enough to recover their research expenses, management fees and commission expenses. Frequency distribution (from col. (4), Table 4) of estimated intercepts ( α ˆ ) for eq. (8) for 115 mutual funds for the 10 years 1955–64. Fund returns calculated gross of all management expenses. The results shown in Column 2 of Table 4 indicate the average α ˆ estimated from gross return data was −.004 or −.4% per year, with 67 funds for which α ˆ < 0 and 48 for which α ˆ > 0. The frequency distribution, plotted in Figure 2, is much more symmetric than the distribution obtained from the net returns. Thus it appears that on average during this 20-year period the funds were not able to increase returns enough by their trading activities to recoup even their (the only expenses which were not added to the fund In order to the associated with time periods and sample the measures for the 56 funds for which data were available for the 20-year period are in Column 3 of Table 4 and Figure The results indicate an average α ˆ of with funds for which α ˆ j < 0 and funds for which α ˆ j > 0. It is very that of this gross performance is due to the used in the expenses for the years to It was noted earlier that the expenses for these earlier years were to be equal to the expenses for But since these expense were in the earlier period these estimates are too in order to any difficulty associated with the estimates of the expenses before the measures were estimated for each of the 115 funds using only the gross return data in the period 1955–64. The frequency distribution of the α ˆ is given in Column 4 of Table 4 and Figure The average α ˆ for this period was or per year with funds for which α ˆ < 0 and funds for which α ˆ > 0. The must be careful about too much significance on the number of funds with α ˆ > 0. It is well that measurement in any independent will the estimated regression of that to be zero Since we know that there are some in the measurement of the rate and the estimated returns on the market portfolio, the coefficients β ˆ j are downward This of results in an upward bias in the estimates of the α j since the squares regression line must pass through the point of is one additional which to bias the results against the funds. That is, the model implicitly the portfolio is But since the mutual funds and they must a cash to Data presented in indicate that on average the funds to hold about of their net assets in cash. If we the funds earned the rate on these assets per this would increase their returns the average α ˆ ) by about ( . ) ( . ) = . per Thus the adjusted average α ˆ is about and it is now very difficult to that this is really different from us now give explicit consideration to these of The of the now ourselves to the regarding the statistical significance of the estimated performance Table 3 presents a of the “t” values for the individual the and the number of observations used in each We noted earlier that it is possible for a fund manager to do worse than a random selection policy since it is to a returns by in unsuccessful to forecast security prices. The that the α ˆ shown in Table 3 and Figure 1 are skewed to the left indicate this may well be an examination of the “t” values given in Table 3 and plotted in Figure indicates that the t values for of the funds were less than and are all negative at the The t value for level of significance with 8 degrees of (the minimum in the is and for degrees of (the maximum in the is However, since we that it was to do worse than a random policy we are really mainly in the significance of the positive performance Frequency distribution (from col. (1), Table of “t” values for estimated intercepts in eq. (8) for 115 mutual funds for all years available for each fund. Fund returns calculated net of all expenses. examination of Column 3 of Table 3 only 3 funds which have performance measures which are positive at the But before that these funds are superior we should that even if all 115 of these funds a true α equal to we would expect because of random to of or about or funds t values at the we shall on an examination of the frequency distribution of the estimated t values to see whether we observe more than the expected number of because of the differing degrees of among the observations plotted in Figure and Figure (which the gross the frequency distributions are somewhat difficult to Figure presents the frequency distribution of the t values calculated on the basis of gross returns for the 56 funds for which 20 complete years of data were The t value for the level of significance is and thus we expect ( . ) ( 56 ) = 1 . 4 observations with t values than We observe just we also observe a the negative values and no evidence of an ability to forecast security prices. It is interesting to note that if the model is valid and if we have all expenses to the these distributions should be symmetric about However, we have not added any of the and have used estimates of the expenses for the years 1945–54 which we are biased Thus the results shown in Figure are not too As in order to some of these and to more whether or not the funds were on average able to forecast well enough to their expenses if not their other the performance measures were estimated just for the period 1955–64. The frequency distribution for the t values of the intercepts of the 115 funds estimated from gross returns is given in Figure 8 and 4 of Table All the observations have 8 degrees of and the maximum and minimum values are and It seems clear from the of this distribution about zero and from the lack of any values than that there is very evidence that any of these 115 mutual funds in this period forecasting ability. We from a interpretation of the statistical significance of these and the to do since there is a amount of evidence which indicates the on the residuals, , of (8) may not be We also point out that one could also of on the t distributions but for the we from doing That is, if the are not the estimates of the parameters will not be to the student t distribution, and therefore it really make sense to make of against the “t” Frequency distribution (from col. (2), Table of “t” values for estimated intercepts in eq. (8) for 115 mutual funds for all years available for each fund. Fund returns calculated gross of all expenses. Frequency distribution (from col. (3), Table of “t” values for estimated intercepts in eq. (8) for 56 mutual funds for which complete data were available in the period 1945–64. Fund returns calculated gross of all management expenses. Frequency distribution (from col. (4), Table of “t” values for estimated intercepts in eq. (8) for 115 mutual funds for the 10 year period 1955–64. Fund returns calculated gross of all management expenses. However, the possible of these problems in attempting to the usual of significance it should be emphasized that the model itself is in no on this has shown that the squares estimates of j in (2) are unbiased and if the terms u j to the symmetric and mean of the of Furthermore, has that the capital asset pricing model results can be obtained in the of these A complete discussion of the associated with this problem and their relationship to the portfolio evaluation problem is available in and will not be It is to the that the is only in order to the of and we the to these as the of distribution theory is to the point where of significance can be legitimately It is important to note in the empirical results presented that the mutual fund (as by these 115 very evidence of an ability to forecast security prices. there is evidence that indicates any individual funds in the sample might be able to forecast prices. These results are even when one that the in the for the of a portfolio which we have for by assuming cash earned interest at the rate. all tend to the magnitude of any forecasting ability which might See Section II. or tend to show evidence of forecasting ability where The evidence on mutual fund performance discussed indicates not only that these 115 mutual funds were on average not able to predict security prices well enough to a policy, but also that there is very evidence that any individual fund was able to do better than that which we expected from mere random It is also important to note that these hold even when we measure the fund returns gross of management expenses is their and other expenses were obtained Thus on average the funds were not quite successful enough in their trading activities to recoup even their expenses. It is also important to that we have not in this paper the of Evidence Jensen 11) indicates the funds on average have an of the risk born by their Thus the results here should not be as the mutual funds are not a to that has not been The evidence does a need on the of the funds to evaluate much more closely the and the of their research and trading activities in order to provide investors with maximum possible returns for the level of risk",benchmarks,4395,openalex,True,supporting,,2026-04-10T17:32:21.127577+00:00
P0163,The Performance of Mutual Funds in the Period 1945-1964,Michael C. Jensen,1968,The Journal of Finance,10.2307/2325404,https://doi.org/10.2307/2325404,,"JENSEN, Michael C.. The Performance of Mutual Funds in the Period 1945-1964. The Journal of Finance, 1968.",Jensen1968a,"@article{Jensen1968a,   title = {{The Performance of Mutual Funds in the Period 1945-1964}},   author = {Michael C. Jensen},   year = {1968},   journal = {The Journal of Finance},   doi = {10.2307/2325404},   abstract = {The ability of the portfolio manager or security analyst to increase returns on the portfolio through successful prediction of future security prices, and The ability of the portfolio manager to minimize (through “efficient” diversification) the amount of “insurable risk” born by the holders of the portfolio. The major difficulty encountered in attempting to evaluate the performance of a portfolio}, } ","The ability of the portfolio manager or security analyst to increase returns on the portfolio through successful prediction of future security prices, and The ability of the portfolio manager to minimize (through “efficient” diversification) the amount of “insurable risk” born by the holders of the portfolio. The major difficulty encountered in attempting to evaluate the performance of a portfolio in these two dimensions has been the lack of a thorough understanding of the nature and measurement of “risk.” Evidence seems to indicate a predominance of risk aversion in the capital markets, and as long as investors correctly perceive the “riskiness” of various assets this implies that “risky” assets must on average yield higher returns than less “risky” assets.1 Hence in evaluating the “performance” of portfolios the effects of differential degrees of risk on the returns of those portfolios must be taken into account. Recent developments in the theory of the pricing of capital assets by Sharpe 20, Lintner 15 and Treynor 25 allow us to formulate explicit measures of a portfolio's performance in each of the dimensions outlined above. These measures are derived and discussed in detail in Jensen 11. However, we shall confine our attention here only to the problem of evaluating a portfolio manager's predictive ability—that is his ability to earn returns through successful prediction of security prices which are higher than those which we could expect given the level of riskiness of his portfolio. The foundations of the model and the properties of the performance measure suggested here (which is somewhat different than that proposed in 11) are discussed in Section II. The model is illustrated in Section III by an application of it to the evaluation of the performance of 115 open end mutual funds in the period 1945–1964. A number of people in the past have attempted to evaluate the performance of portfolios2 (primarily mutual funds), but almost all of these authors have relied heavily on relative measures of performance when what we really need is an absolute measure of performance. That is, they have relied mainly on procedures for ranking portfolios. For example, if there are two portfolios A and B, we not only would like to know whether A is better (in some sense) than B, but also whether A and B are good or bad relative to some absolute standard. The measure of performance suggested below is such an absolute measure.3 It is important to emphasize here again that the word “performance” is used here only to refer to a fund manager's forecasting ability. It does not refer to a portfolio's “efficiency” in the Markowitz-Tobin sense. A measure of “efficiency” and its relationship to certain measures of diversification and forecasting ability is derived and discussed in detail in Jensen 11. For purposes of brevity we confine ourselves here to an examination of a fund manager's forecasting ability which is of interest in and of itself (witness the widespread interest in the theory of random walks and its implications regarding forecasting success). In addition to the lack of an absolute measure of performance, these past studies of portfolio performance have been plagued with problems associated with the definition of “risk” and the need to adequately control for the varying degrees of riskiness among portfolios. The measure suggested below takes explicit account of the effects of “risk” on the returns of the portfolio. Finally, once we have a measure of portfolio “performance” we also need to estimate the measure's sampling error. That is we want to be able to measure its “significance” in the usual statistical sense. Such a measure of significance also is suggested below. Thus eq. (1) implies that the expected return on any asset is equal to the risk free rate plus a risk premium given by the product of the systematic risk of the asset and the risk premium on the market portfolio.5 The risk premium on the market portfolio is the difference between the expected returns on the market portfolio and the risk free rate. Equation (1) then simply tells us what any security (or portfolio) can be expected to earn given its level of systematic risk, β j . If a portfolio manager or security analyst is able to predict future security prices he will be able to earn higher returns that those implied by eq. (1) and the riskiness of his portfolio. We now wish to show how (1) can be adapted and extended to provide an estimate of the forecasting ability of any portfolio manager. Note that (1) is stated in terms of the expected returns on any security or portfolio j and the expected returns on the market portfolio. Since these expectations are strictly unobservable we wish to show how (1) can be recast in terms of the objectively measurable realizations of returns on any portfolio j and the market portfolio M. The left hand side of (7) is the risk premium earned on the j'th portfolio. As long as the asset pricing model is valid this premium is equal to β j [ R ~ M t − R F t ] plus the random error term e ~ j t . The Measure of Performance.—Furthermore eq. (7) may be used directly for empirical estimation. If we wish to estimate the systematic risk of any individual security or of an unmanaged portfolio the constrained regression estimate of β j in eq. (7) will be an efficient estimate11 of this systematic risk. However, we must be very careful when applying the equation to managed portfolios. If the manager is a superior forecaster (perhaps because of special knowledge not available to others) he will tend to systematically select securities which realize e ~ j t > 0. Hence his portfolio will earn more than the “normal” risk premium for its level of risk. We must allow for this possibility in estimating the systematic risk of a managed portfolio. The new error term u ~ j t will now have E ( u ~ j t ) = 0, and should be serially independent.12 Thus if the portfolio manager has an ability to forecast security prices, the intercept, α j , in eq. (8) will be positive. Indeed, it represents the average incremental rate of return on the portfolio per unit time which is due solely to the manager's ability to forecast future security prices. It is interesting to note that a naive random selection buy and hold policy can be expected to yield a zero intercept. In addition if the manager is not doing as well as a random selection buy and hold policy, α j will be negative. At first glance it might seem difficult to do worse than a random selection policy, but such results may very well be due to the generation of too many expenses in unsuccessful forecasting attempts. However, given that we observe a positive intercept in any sample of returns on a portfolio we have the difficulty of judging whether or not this observation was due to mere random chance or to the superior forecasting ability of the portfolio manager. Thus in order to make inferences regarding the fund manager's forecasting ability we need a measure of the standard error of estimate of the performance measure. Least squares regression theory provides an estimate of the dispersion of the sampling distribution of the intercept α j . Furthermore, the sampling distribution of the estimate, α ˆ j , is a student t distribution with n j − 2 degrees of freedom. These facts give us the information needed to make inferences regarding the statistical significance of the estimated performance measure. It should be emphasized that in estimating α j , the measure of performance, we are explicitly allowing for the effects of risk on return as implied by the asset pricing model. Moreover, it should also be noted that if the model is valid, the particular nature of general economic conditions or the particular market conditions (the behavior of π) over the sample or evaluation period has no effect whatsoever on the measure of performance. Thus our measure of performance can be legitimately compared across funds of different risk levels and across differing time periods irrespective of general economic and market conditions. The Effects of Non-Stationarity of the Risk Parameter.—It was pointed out earlier13 that by omitting the time subscript from β j (the risk parameter in eq. (8)) we were implicitly assuming the risk level of the portfolio under consideration is stationary through time. However, we know this need not be strictly true since the portfolio manager can certainly change the risk level of his portfolio very easily. He can simply switch from more risky to less risky equities (or vice versa), or he can simply change the distribution of the assets of the portfolio between equities, bonds and cash. Indeed the portfolio manager may consciously switch his portfolio holdings between equities, bonds and cash in trying to outguess the movements of the market. This consideration brings us to an important issue regarding the meaning of “forecasting ability.” A manager's forecasting ability may consist of an ability to forecast the price movements of individual securities and/or an ability to forecast the general behavior of security prices in the future (the “market factor” π in our model). Therefore we want an evaluation model which will incorporate and reflect the ability of the manager to forecast the market's behavior as well as his ability to choose individual issues. Thus the estimate of the risk parameter is biased downward by an amount given by a j E ( R ~ M ), where a j is the parameter given in eq. (10) (which describes the relationship between ε ~ j t and π ~ t ). By the arguments given earlier a j can never be negative and will be equal to zero when the manager possesses no market forecasting ability. This is important since it means that if the manager is unable to forecast general market movements we obtain an unbiased estimate of his ability to increase returns on the portfolio by choosing individual securities which are “undervalued.” However, if the manager does have an ability to forecast market movements we have seen that a j will be positive and therefore as shown in eq. (12) the estimated risk parameter will be biased downward. This means, of course, that the estimated performance measure ( α ˆ ) will be biased upward (since the regression line must pass through the point of sample means). Hence it seems clear that if the manager can forecast market movements at all we most certainly should see evidence of it since our techniques will tend to overstate the magnitude of the effects of this ability. That is, the performance measure, α j , will be positive for two reasons: (1) the extra returns actually earned on the portfolio due to the manager's ability, and (2) the positive bias in the estimate of α j resulting from the negative bias in our estimate of β j . The Data.—The sample consists of the returns on the portfolios of 115 open end mutual funds for which net asset and dividend information was available in Wiesenberger's Investment Companies for the ten-year period 1955–64.16 The funds are listed in Table 1 along with an identification number and code denoting the fund objectives (growth, income, etc.). Annual data were gathered for the period 1955–64 for all 115 funds and as many additional observations as possible were collected for these funds in the period 1945–54. For this earlier period, 10 years of complete data were obtained for 56 of the original 115 funds. Definitions of the Variables.—The following are the exact definitions of the variables used in the estimation procedures: The Empirical Results.—Table 2 presents some summary statistics of the frequency distributions of the regression estimates of the parameters of eq. (8) for all 115 mutual funds using all sample data available for each fund in the period 1945–64. The table presents the mean, median, extreme values, and mean absolute deviation of the 115 estimates of α, β, r 2 , and ρ ( u t , u t − 1 ) (the first order autocorrelation of residuals). As can be seen in the table the average intercept was −.011 with a minimum value of −.078 and a maximum value of .058. We defer a detailed discussion of the implications of these estimated intercepts for a moment. Since the average value of β was only .840, on average these funds tended to hold portfolios which were less risky than the market portfolio. Thus any attempt to compare the average returns on these funds to the returns on a market index without explicit adjustment for differential riskiness would be biased against the funds. The average squared correlation coefficient, r ˆ 2 , was .865 and indicates in general that eq. (8) fits the data for most of the funds quite closely. The average first order autocorrelation of residuals, −.077, is quite small as expected. Our primary concern in this paper is the interpretation of the estimated intercepts. They are presented in Table 3 along with the fund identification number and the “t” values and sample sizes. The observations are ordered from lowest to highest on the basis of α ˆ . The estimates range from −.0805 to +.0582. Table 4 and Figures 1–4 present summary frequency distributions of these estimates (along with the distributions of the coefficients estimated for several other time intervals which will be discussed below). Frequency distribution (from col. (1), Table 4) of estimated intercepts ( α ˆ ) for eq. (8) for 115 mutual funds for all years available for each fund. Fund returns net of all In order to obtain additional information the forecasting of fund eq. (8) was also estimated using fund returns of fund expenses as well as Fund were in all 1 and 2 of Table 4 and Figures 1 and 2 present the frequency distributions of the estimated obtained by using all sample data available for each fund. The number of observations in the estimating equation from 10 to and the time periods are not all 1 and 1 present the frequency distribution of the 115 intercepts estimated on the basis of fund returns net of all 2 of Table 4 and 2 present the frequency distributions of the estimates obtained from the fund returns of expenses given by Frequency distribution (from col. Table 4) of estimated intercepts ( α ˆ ) for eq. (8) for 115 mutual funds for all years available for each fund. Fund returns of all The average value of α ˆ net of expenses was −.011 which indicates that on average the funds earned less per than they should have earned given level of systematic risk. It is also clear from 1 that the distribution is to the side with funds α ˆ j and only with α ˆ j > 0. Frequency distribution (from col. Table 4) of estimated intercepts ( α ˆ ) for eq. (8) for 56 mutual funds for which complete data were available in the period 1945–64. Fund returns of all The model implies that with a random selection buy and hold policy should expect on average to do no worse than α = 0. Thus it from the of negative that the funds are not able to forecast future security prices well to and Frequency distribution (from col. Table 4) of estimated intercepts ( α ˆ ) for eq. (8) for 115 mutual funds for the 10 years Fund returns of all The results shown in 2 of Table 4 indicate the average α ˆ estimated from return data was or per with funds for which α ˆ and for which α ˆ > 0. The frequency in is more than the distribution obtained from the net Thus it that on average this period the funds were not able to increase returns by to (the only expenses which were not to the fund In order to the associated with time periods and sample the measures for the 56 funds for which data were available for the period are in 3 of Table 4 and The results indicate an average α ˆ of with funds for which α ˆ j and funds for which α ˆ j > 0. It is very that of this performance is due to the used in the expenses for the years to It was noted earlier that the expenses for these earlier years were to be equal to the expenses for since these were in the earlier period these estimates are too in order to any difficulty associated with the estimates of the expenses the measures were estimated for each of the 115 funds using only the return data in the period The frequency distribution of the α ˆ is given in 4 of Table 4 and The average α ˆ for this period was or per with funds for which α ˆ and funds for which α ˆ > 0. The must be careful too significance on the number of funds with α ˆ > 0. It is well that measurement in any will the estimated regression of that to be zero Since we know that there are some in the measurement of the rate and the estimated returns on the market the coefficients β ˆ j are downward This of results in an upward bias in the estimates of the α j since the squares regression line must pass through the point of is additional which to bias the results against the funds. That is, the model implicitly the portfolio is since the mutual funds and they must a cash to presented in indicate that on average the funds to hold of net assets in cash. If we the funds earned the rate on these assets per this would increase returns the average α ˆ ) by ( . ) ( . ) = . per Thus the average α ˆ is and it is now very difficult to that this is really different from us now give explicit consideration to these of The of the now ourselves to the regarding the statistical significance of the estimated performance Table 3 presents a of the “t” values for the individual the and the number of observations used in each We noted earlier that it is possible for a fund manager to do worse than a random selection policy since it is to a returns by in unsuccessful to forecast security prices. The that the α ˆ shown in Table 3 and 1 are to the left indicate this may well be an examination of the “t” values given in Table 3 and in indicates that the t values for of the funds were less than and are all negative at the However, since we that it was to do worse than a random policy we are really mainly in the significance of the positive performance Frequency distribution (from col. (1), Table of “t” values for estimated intercepts in eq. (8) for 115 mutual funds for all years available for each fund. Fund returns net of all examination of 3 of Table 3 only 3 funds which have performance measures which are positive at the that these funds are superior we should that if all 115 of these funds a true α equal to we would expect because of random to of or or funds t values at the we shall on an examination of the frequency distribution of the estimated t values to see whether we observe more than the expected number of because of the differing degrees of among the observations in and (which the the frequency distributions are somewhat difficult to presents the frequency distribution of the t values on the basis of returns for the 56 funds for which complete years of data were The t value for the level of significance is and we expect ( . ) ( 56 ) = 1 . 4 observations with t values than We observe we also observe a the negative values and no evidence of an ability to forecast security prices. It is interesting to note that if the model is valid and if we have all expenses to the these distributions should be However, we have not any of the and have used estimates of the expenses for the years which we are biased Thus the results shown in are not too As in order to some of these and to more whether or not the funds were on average able to forecast well to expenses if not other the performance measures were estimated for the period The frequency distribution for the t values of the intercepts of the 115 funds estimated from returns is given in and 4 of Table the observations have degrees of and the maximum and minimum values are and It seems clear from the of this distribution zero and from the lack of any values than that there is very evidence that any of these 115 mutual funds in this period forecasting ability. We from a interpretation of the statistical significance of these and the to do since there is a amount of evidence which indicates the on the residuals, , of (8) may not be We also point out that could also of on the t distributions but for the we from doing That is, if the are not the estimates of the parameters will not be to the student t and therefore it really make to make of against the “t” Frequency distribution (from col. Table of “t” values for estimated intercepts in eq. (8) for 115 mutual funds for all years available for each fund. Fund returns of all Frequency distribution (from col. Table of “t” values for estimated intercepts in eq. (8) for 56 mutual funds for which complete data were available in the period 1945–64. Fund returns of all Frequency distribution (from col. Table of “t” values for estimated intercepts in eq. (8) for 115 mutual funds for the 10 period Fund returns of all However, the possible of these problems in attempting to the usual of significance it should be emphasized that the model itself is in no on this has shown that the squares estimates of j in (2) are unbiased and if the terms u j to the and mean of the of Furthermore, has that the capital asset pricing model results can be obtained in the of these A complete discussion of the associated with this problem and relationship to the portfolio evaluation problem is available in and will not be It is to the that the is only in order to the of and we the to these as the of distribution theory is to the point where of significance can be legitimately It is important to note in the empirical results presented that the mutual fund by these 115 very evidence of an ability to forecast security prices. there is evidence that indicates any individual funds in the sample might be able to forecast prices. These results are when that the in the all tend to the magnitude of any forecasting ability which might or tend to show evidence of forecasting ability where The evidence on mutual fund performance discussed indicates not only that these 115 mutual funds were on average not able to predict security prices well to a policy, but also that there is very evidence that any individual fund was able to do better than that which we expected from mere random It is also important to note that these hold when we measure the fund returns of expenses is and other expenses were obtained Thus on average the funds were not quite successful in to It is also important to that we have not in this paper the of Evidence Jensen 11) indicates the funds on average have an of the risk born by Thus the results here should not be as the mutual funds are not a to that has not been The evidence does a need on the of the funds to evaluate more the and the of and in order to provide investors with maximum possible returns for the level of risk",benchmarks,1755,openalex,True,supporting,,2026-04-10T17:32:21.127577+00:00
P0164,Cryptocurrency-portfolios in a mean-variance framework,Alexander Brauneis; Roland Mestel,2018,Finance research letters,10.1016/j.frl.2018.05.008,https://doi.org/10.1016/j.frl.2018.05.008,,"BRAUNEIS, Alexander et al.. Cryptocurrency-portfolios in a mean-variance framework. Finance research letters, 2018.",Brauneis2018,"@article{Brauneis2018,   title = {{Cryptocurrency-portfolios in a mean-variance framework}},   author = {Alexander Brauneis and Roland Mestel},   year = {2018},   journal = {Finance research letters},   doi = {10.1016/j.frl.2018.05.008}, } ",,benchmarks,184,openalex,True,context,,2026-04-10T17:32:21.127577+00:00
P0165,On portfolio optimization: Imposing the right constraints,Patrick Behr; Andre Guettler; Felix Miebs,2012,Journal of Banking & Finance,10.1016/j.jbankfin.2012.11.020,https://doi.org/10.1016/j.jbankfin.2012.11.020,,"BEHR, Patrick et al.. On portfolio optimization: Imposing the right constraints. Journal of Banking & Finance, 2012.",Behr2012,"@article{Behr2012,   title = {{On portfolio optimization: Imposing the right constraints}},   author = {Patrick Behr and Andre Guettler and Felix Miebs},   year = {2012},   journal = {Journal of Banking & Finance},   doi = {10.1016/j.jbankfin.2012.11.020}, } ",,benchmarks,128,openalex,True,supporting,,2026-04-10T17:32:21.127577+00:00
P0166,The benefits of differential variance-based constraints in portfolio optimization,Haim Levy; Moshe Levy,2013,European Journal of Operational Research,10.1016/j.ejor.2013.04.019,https://doi.org/10.1016/j.ejor.2013.04.019,,"LEVY, Haim et al.. The benefits of differential variance-based constraints in portfolio optimization. European Journal of Operational Research, 2013.",Levy2013,"@article{Levy2013,   title = {{The benefits of differential variance-based constraints in portfolio optimization}},   author = {Haim Levy and Moshe Levy},   year = {2013},   journal = {European Journal of Operational Research},   doi = {10.1016/j.ejor.2013.04.019}, } ",,benchmarks,71,openalex,True,supporting,,2026-04-10T17:32:21.127577+00:00
P0167,Down-Side Risk Metrics as Portfolio Diversification Strategies across the Global Financial Crisis,David E. Allen; Michael McAleer; Robert Powell; Abhay Kumar Singh,2016,Journal of risk and financial management,10.3390/jrfm9020006,https://doi.org/10.3390/jrfm9020006,https://www.mdpi.com/1911-8074/9/2/6/pdf?version=1466511310,"ALLEN, David E. et al.. Down-Side Risk Metrics as Portfolio Diversification Strategies across the Global Financial Crisis. Journal of risk and financial management, 2016.",Allen2016,"@article{Allen2016,   title = {{Down-Side Risk Metrics as Portfolio Diversification Strategies across the Global Financial Crisis}},   author = {David E. Allen and Michael McAleer and Robert Powell and Abhay Kumar Singh},   year = {2016},   journal = {Journal of risk and financial management},   doi = {10.3390/jrfm9020006},   abstract = {This paper features an analysis of the effectiveness of a range of portfolio diversification strategies, with a focus on down-side risk metrics, as a portfolio diversification strategy in a European market context. We apply these measures to a set of daily arithmetically-compounded returns, in U.S. dollar terms, on a set of ten market indices representing the major European markets for a nine-year}, } ","This paper features an analysis of the effectiveness of a range of portfolio diversification strategies, with a focus on down-side risk metrics, as a portfolio diversification strategy in a European market context. We apply these measures to a set of daily arithmetically-compounded returns, in U.S. dollar terms, on a set of ten market indices representing the major European markets for a nine-year period from the beginning of 2005 to the end of 2013. The sample period, which incorporates the periods of both the Global Financial Crisis (GFC) and the subsequent European Debt Crisis (EDC), is a challenging one for the application of portfolio investment strategies. The analysis is undertaken via the examination of multiple investment strategies and a variety of hold-out periods and backtests. We commence by using four two-year estimation periods and a subsequent one-year investment hold out period, to analyse a naive 1/N diversification strategy and to contrast its effectiveness with Markowitz mean variance analysis with positive weights. Markowitz optimisation is then compared to various down-side investment optimisation strategies. We begin by comparing Markowitz with CVaR, and then proceed to evaluate the relative effectiveness of Markowitz with various draw-down strategies, utilising a series of backtests. Our results suggest that none of the more sophisticated optimisation strategies appear to dominate naive diversification.",benchmarks,16,openalex,True,supporting,,2026-04-10T17:32:21.127577+00:00
P0168,Performance analysis of the integration between Portfolio Optimization and Technical Analysis strategies in the Brazilian stock market,Bruno Cândido Barroso; Rodrigo T. N. Cardoso; Maísa Kely de Melo,2021,Expert Systems with Applications,10.1016/j.eswa.2021.115687,https://doi.org/10.1016/j.eswa.2021.115687,,"BARROSO, Bruno Cândido et al.. Performance analysis of the integration between Portfolio Optimization and Technical Analysis strategies in the Brazilian stock market. Expert Systems with Applications, 2021.",Barroso2021,"@article{Barroso2021,   title = {{Performance analysis of the integration between Portfolio Optimization and Technical Analysis strategies in the Brazilian stock market}},   author = {Bruno Cândido Barroso and Rodrigo T. N. Cardoso and Maísa Kely de Melo},   year = {2021},   journal = {Expert Systems with Applications},   doi = {10.1016/j.eswa.2021.115687}, } ",,brazil,26,openalex,True,supporting,,2026-04-10T17:32:21.127577+00:00
P0169,Prediction-based portfolio optimization model using neural networks,Fábio Daros Freitas; Alberto F. De Souza; Ailson Rosetti de Almeida,2009,Neurocomputing,10.1016/j.neucom.2008.08.019,https://doi.org/10.1016/j.neucom.2008.08.019,,"FREITAS, Fábio Daros et al.. Prediction-based portfolio optimization model using neural networks. Neurocomputing, 2009.",Freitas2009,"@article{Freitas2009,   title = {{Prediction-based portfolio optimization model using neural networks}},   author = {Fábio Daros Freitas and Alberto F. De Souza and Ailson Rosetti de Almeida},   year = {2009},   journal = {Neurocomputing},   doi = {10.1016/j.neucom.2008.08.019}, } ",,brazil,170,openalex,True,supporting,,2026-04-10T17:32:21.127577+00:00
P0170,Portfolio optimization using a parsimonious multivariate GARCH model: application to the Brazilian stock market,João F. Caldeira; Guilherme V. Moura; André Alves Portela Santos,2012,Economics bulletin,,,,"CALDEIRA, João F. et al.. Portfolio optimization using a parsimonious multivariate GARCH model: application to the Brazilian stock market. Economics bulletin, 2012.",Caldeira2012,"@article{Caldeira2012,   title = {{Portfolio optimization using a parsimonious multivariate GARCH model: application to the Brazilian stock market}},   author = {João F. Caldeira and Guilherme V. Moura and André Alves Portela Santos},   year = {2012},   journal = {Economics bulletin},   abstract = {We apply a parsimonious multivariate GARCH speci cation based on the Fama-French-Carhart factor model to generate high-dimensional conditional covariance matrices and to obtain shortselling-constrained and unconstrained minimum variance portfolios. An application involving 61 stocks traded on the S~ao Paulo stock exchange (BM&FBovespa) shows that the proposed speci cation delivers less risky portf}, } ","We apply a parsimonious multivariate GARCH speci cation based on the Fama-French-Carhart factor model to generate high-dimensional conditional covariance matrices and to obtain shortselling-constrained and unconstrained minimum variance portfolios. An application involving 61 stocks traded on the S~ao Paulo stock exchange (BM&FBovespa) shows that the proposed speci cation delivers less risky portfolios on an out-of-sample basis in comparison to several benchmark models, including existing factor approaches.",brazil,4,openalex,False,supporting,,2026-04-10T17:32:21.127577+00:00
P0171,A MORE EFFICIENT MATHEMATICAL APPROACH TO THE PORTFOLIO OPTIMIZATION PROBLEM APPLIED IN THE BRAZILIAN STOCK MARKET,Allan Jonathan da Silva,2014,,,,,"SILVA, Allan Jonathan da. A MORE EFFICIENT MATHEMATICAL APPROACH TO THE PORTFOLIO OPTIMIZATION PROBLEM APPLIED IN THE BRAZILIAN STOCK MARKET. s.l., 2014.",Silva2014,"@misc{Silva2014,   title = {{A MORE EFFICIENT MATHEMATICAL APPROACH TO THE PORTFOLIO OPTIMIZATION PROBLEM APPLIED IN THE BRAZILIAN STOCK MARKET}},   author = {Allan Jonathan da Silva},   year = {2014},   journal = {},   abstract = {This article’s objective is to solve a portfolio optimization problem. This portfolio, supposed to be maximized, contains all 67 stocks listed in the Ibovespa, the main index of the Brazilian stock market. The mathematical method presented derives from the Markowitz mean-variance efficient frontier, and was developed by Michael J. Best. This method diminishes the quantity and the complexity of dat}, } ","This article’s objective is to solve a portfolio optimization problem. This portfolio, supposed to be maximized, contains all 67 stocks listed in the Ibovespa, the main index of the Brazilian stock market. The mathematical method presented derives from the Markowitz mean-variance efficient frontier, and was developed by Michael J. Best. This method diminishes the quantity and the complexity of data to be processed and the necessity for advanced computational resources, simply using the regular calculus and the matrix theory. This article proves that Markowitz mean-variance based on diversification, developed almost sixty years ago, still remains the most efficient method for investment decision and asset allocation. The portfolio was optimized for the first semester of 2011, and the goal was to find the global minimum variance portfolio. Results show that the optimized portfolio beat the market in mentioned period and overcame the results of the best domestic investment funds.",brazil,1,openalex,False,supporting,,2026-04-10T17:32:21.127577+00:00
P0172,Adaptive market hypothesis: The story of the stock markets and COVID-19 pandemic,David Iheke Okorie; Boqiang Lin,2021,The North American Journal of Economics and Finance,10.1016/j.najef.2021.101397,https://doi.org/10.1016/j.najef.2021.101397,,"OKORIE, David Iheke et al.. Adaptive market hypothesis: The story of the stock markets and COVID-19 pandemic. The North American Journal of Economics and Finance, 2021.",Okorie2021,"@article{Okorie2021,   title = {{Adaptive market hypothesis: The story of the stock markets and COVID-19 pandemic}},   author = {David Iheke Okorie and Boqiang Lin},   year = {2021},   journal = {The North American Journal of Economics and Finance},   doi = {10.1016/j.najef.2021.101397}, } ",,brazil,78,openalex,True,context,,2026-04-10T17:32:21.127577+00:00
P0173,An integrated CRITIC and Grey Relational Analysis approach for investment portfolio selection,Natan Felipe Silva; Marcos dos Santos; Carlos Francısco Sımões Gomes; Lélis Pedro de Andrade,2023,Decision Analytics Journal,10.1016/j.dajour.2023.100285,https://doi.org/10.1016/j.dajour.2023.100285,,"SILVA, Natan Felipe et al.. An integrated CRITIC and Grey Relational Analysis approach for investment portfolio selection. Decision Analytics Journal, 2023.",Silva2023,"@article{Silva2023,   title = {{An integrated CRITIC and Grey Relational Analysis approach for investment portfolio selection}},   author = {Natan Felipe Silva and Marcos dos Santos and Carlos Francısco Sımões Gomes and Lélis Pedro de Andrade},   year = {2023},   journal = {Decision Analytics Journal},   doi = {10.1016/j.dajour.2023.100285},   abstract = {The selection of investment portfolios is a complex problem, encompassing multiple and conflicting criteria. We propose an integrated multi-criteria decision-making (MCDM) model composed of the Criteria Importance Through Intercriteria Correlation (CRITIC) method and Grey Relational Analysis (GRA). The proposed CRITIC-GRA model considers a series of financial indicators to assess investment altern}, } ","The selection of investment portfolios is a complex problem, encompassing multiple and conflicting criteria. We propose an integrated multi-criteria decision-making (MCDM) model composed of the Criteria Importance Through Intercriteria Correlation (CRITIC) method and Grey Relational Analysis (GRA). The proposed CRITIC-GRA model considers a series of financial indicators to assess investment alternatives, aiming to select the best options for inclusion in an investment portfolio. Data were collected from the Economatica database, and 190 companies with shares listed on the Brazilian stock exchange were selected as investment alternatives. Ten financial criteria were identified through a comprehensive literature review for use in the integrated model. To validate the proposed approach, the alternatives chosen using the method were incorporated into an optimization model, applying mean–variance analysis to define the investment weights. The results were then compared with a market benchmark, considering risk, return, and the Sharpe ratio. The portfolio selected in the study surpassed the benchmark in both risk and return.",brazil,67,openalex,True,supporting,,2026-04-10T17:32:21.127577+00:00
P0174,Dynamic risk spillovers from oil to stock markets: Fresh evidence from GARCH copula quantile regression-based CoVaR model,Maoxi Tian; Muneer M. Alshater; Seong‐Min Yoon,2022,Energy Economics,10.1016/j.eneco.2022.106341,https://doi.org/10.1016/j.eneco.2022.106341,,"TIAN, Maoxi et al.. Dynamic risk spillovers from oil to stock markets: Fresh evidence from GARCH copula quantile regression-based CoVaR model. Energy Economics, 2022.",Tian2022,"@article{Tian2022,   title = {{Dynamic risk spillovers from oil to stock markets: Fresh evidence from GARCH copula quantile regression-based CoVaR model}},   author = {Maoxi Tian and Muneer M. Alshater and Seong‐Min Yoon},   year = {2022},   journal = {Energy Economics},   doi = {10.1016/j.eneco.2022.106341}, } ",,brazil,45,openalex,True,context,,2026-04-10T17:32:21.127577+00:00
P0175,Deciphering the Liquidity and Credit Crunch 2007–2008,Markus K. Brunnermeier,2009,The Journal of Economic Perspectives,10.1257/jep.23.1.77,https://doi.org/10.1257/jep.23.1.77,https://www.aeaweb.org/articles/pdf/doi/10.1257/jep.23.1.77,"BRUNNERMEIER, Markus K.. Deciphering the Liquidity and Credit Crunch 2007–2008. The Journal of Economic Perspectives, 2009.",Brunnermeier2009,"@article{Brunnermeier2009,   title = {{Deciphering the Liquidity and Credit Crunch 2007–2008}},   author = {Markus K. Brunnermeier},   year = {2009},   journal = {The Journal of Economic Perspectives},   doi = {10.1257/jep.23.1.77},   abstract = {The financial market turmoil in 2007 and 2008 has led to the most severe financial crisis since the Great Depression and threatens to have large repercussions on the real economy. The bursting of the housing bubble forced banks to write down several hundred billion dollars in bad loans caused by mortgage delinquencies. At the same time, the stock market capitalization of the major banks declined b}, } ","The financial market turmoil in 2007 and 2008 has led to the most severe financial crisis since the Great Depression and threatens to have large repercussions on the real economy. The bursting of the housing bubble forced banks to write down several hundred billion dollars in bad loans caused by mortgage delinquencies. At the same time, the stock market capitalization of the major banks declined by more than twice as much. While the overall mortgage losses are large on an absolute scale, they are still relatively modest compared to the $8 trillion of U.S. stock market wealth lost between October 2007, when the stock market reached an all-time high, and October 2008. This paper attempts to explain the economic mechanisms that caused losses in the mortgage market to amplify into such large dislocations and turmoil in the financial markets, and describes common economic threads that explain the plethora of market declines, liquidity dry-ups, defaults, and bailouts that occurred after the crisis broke in summer 2007.",brazil,3373,openalex,True,context,,2026-04-10T17:32:21.127577+00:00
P0176,Random walk through a stock network and predictive analysis for portfolio optimization,Washington Burkart Freitas; João Roberto Bertini,2023,Expert Systems with Applications,10.1016/j.eswa.2023.119597,https://doi.org/10.1016/j.eswa.2023.119597,,"FREITAS, Washington Burkart et al.. Random walk through a stock network and predictive analysis for portfolio optimization. Expert Systems with Applications, 2023.",Freitas2023,"@article{Freitas2023,   title = {{Random walk through a stock network and predictive analysis for portfolio optimization}},   author = {Washington Burkart Freitas and João Roberto Bertini},   year = {2023},   journal = {Expert Systems with Applications},   doi = {10.1016/j.eswa.2023.119597}, } ",,brazil,20,openalex,True,supporting,,2026-04-10T17:32:21.127577+00:00
P0177,A BVAR Analysis on Channels of Monetary Policy Transmission in Brazil,Francisco J. S. Rocha; Marcos R. V. Magalhães; Átila Amaral Brilhante,2022,International Journal of Economics and Finance,10.5539/ijef.v14n3p19,https://doi.org/10.5539/ijef.v14n3p19,https://ccsenet.org/journal/index.php/ijef/article/download/0/0/46683/49880,"ROCHA, Francisco J. S. et al.. A BVAR Analysis on Channels of Monetary Policy Transmission in Brazil. International Journal of Economics and Finance, 2022.",Rocha2022,"@article{Rocha2022,   title = {{A BVAR Analysis on Channels of Monetary Policy Transmission in Brazil}},   author = {Francisco J. S. Rocha and Marcos R. V. Magalhães and Átila Amaral Brilhante},   year = {2022},   journal = {International Journal of Economics and Finance},   doi = {10.5539/ijef.v14n3p19},   abstract = {This article measures the responses of GDP and inflation to a positive shock of the variables that make up the channels of transmission of monetary policy. The results of impulse-response functions of the estimated Bayesian VAR (BVAR) were: an increase in the short-term interest rate (SELIC) leads to a long-term interest rate increasing and consequently a reduction in GDP. Free credit does not hav}, } ","This article measures the responses of GDP and inflation to a positive shock of the variables that make up the channels of transmission of monetary policy. The results of impulse-response functions of the estimated Bayesian VAR (BVAR) were: an increase in the short-term interest rate (SELIC) leads to a long-term interest rate increasing and consequently a reduction in GDP. Free credit does not have a significant impact on Brazilian GDP, given the low free credit/GDP ratio (Bogdanski et al., 2000). A shock in inflation expectations result in a decreasing trajectory of GDP, a fact consistent with the Fisher effect (Mishkin, 2009); and a shock at SELIC reduces inflation in the first two months, there is no &amp;ldquo;price puzzle&amp;rdquo;. A credit shock does not cause significant pressures on inflation. The Inflation does not show a well-defined time path after a shock in asset prices. The decomposition of the variance of the forecast error, in turn, showed that: GDP, in the short term, has its forecast errors explained by its own shocks, 70% on average. However, in the medium term, their forecast errors are explained by their own shocks, around 35%, by inflation shocks, 34%, and by interest rate shocks, 20%. The other transmission channels do not have, in the short and medium terms, significant influence on GDP forecast errors, except the asset prices; and inflation forecast errors are explained, in the short term, mainly by their own shocks, 85% on average. In the medium term, inflation forecast errors are explained 68% by inflation itself, 6% by GDP and the others transmission channels participate individually, with approximately 6%. These results are robust when controlled for commodity prices.",brazil,2,openalex,True,context,,2026-04-10T17:32:21.127577+00:00
P0178,The equity premium puzzle: analysis in Brazil after the real plan,Fábio Augusto Reis Gomes; Luciana de Andrade Costa; Ruth Carolina Rocha Pupo,2012,BAR - Brazilian Administration Review,10.1590/s1807-76922012005000009,https://doi.org/10.1590/s1807-76922012005000009,https://www.scielo.br/j/bar/a/jKzWGYt6YCwqjd4BSBGwMDN/?lang=en&format=pdf,"GOMES, Fábio Augusto Reis et al.. The equity premium puzzle: analysis in Brazil after the real plan. BAR - Brazilian Administration Review, 2012.",Gomes2012,"@article{Gomes2012,   title = {{The equity premium puzzle: analysis in Brazil after the real plan}},   author = {Fábio Augusto Reis Gomes and Luciana de Andrade Costa and Ruth Carolina Rocha Pupo},   year = {2012},   journal = {BAR - Brazilian Administration Review},   doi = {10.1590/s1807-76922012005000009},   abstract = {Our paper investigates whether there is evidence of an Equity Premium Puzzle (EPP) in Brazil, applying two different methodologies. The EPP was identified by Mehra and Prescott (1985) since the Consumption Capital Asset Pricing Model (CCAPM), when calibrated with reasonable preference parameters, could not explain high historical average risk premiums in the United States. In our first approach, w}, } ","Our paper investigates whether there is evidence of an Equity Premium Puzzle (EPP) in Brazil, applying two different methodologies. The EPP was identified by Mehra and Prescott (1985) since the Consumption Capital Asset Pricing Model (CCAPM), when calibrated with reasonable preference parameters, could not explain high historical average risk premiums in the United States. In our first approach, we consider Mehra's (2003) model and calibrate the coefficient of risk aversion, using 1995:2-2012:1 quarterly data. The Ibovespa index was used as a measure of the market return, whereas the risk-free rate was proxied by the Selic interbank rate and by the savings account rate. In our second approach, we propose a new method to test the puzzle. We jointly estimate, via generalized method of moments, the parameters of interest using a moment condition that has not been previously explored, as far as we are aware of. The two approaches produced a high risk aversion coefficient, however the second approach indicated that we cannot reject the hypothesis of the risk aversion coefficient being statistically equal to zero. A possible explanation for this result might be that in Brazil the equity premium is not statistically different from zero. Therefore there is no evidence of EPP in Brazil for the studied period.",brazil,2,openalex,True,context,,2026-04-10T17:32:21.127577+00:00
P0179,Performance Heterogeneity in Latin America: An Investigation into the Transient Effects of Country of Origin,Carlos Eduardo Carvalho; Rodrigo Bandeira-de-Mello; Silvio Luiz Gonçalves Vianna; Rosilene Marcon,2009,Latin American Business Review,10.1080/10978520903280604,https://doi.org/10.1080/10978520903280604,,"CARVALHO, Carlos Eduardo et al.. Performance Heterogeneity in Latin America: An Investigation into the Transient Effects of Country of Origin. Latin American Business Review, 2009.",Carvalho2009,"@article{Carvalho2009,   title = {{Performance Heterogeneity in Latin America: An Investigation into the Transient Effects of Country of Origin}},   author = {Carlos Eduardo Carvalho and Rodrigo Bandeira-de-Mello and Silvio Luiz Gonçalves Vianna and Rosilene Marcon},   year = {2009},   journal = {Latin American Business Review},   doi = {10.1080/10978520903280604},   abstract = {ABSTRACT The heterogeneity of firm performance has been studied from the perspective of factors, including the firm effect, the industry effect, and the country effect. This study emphasizes the importance of country transient effects in light of the volatility present in Latin American countries. Variance decomposition was carried out for the economic and operational performance of five countries}, } ","ABSTRACT The heterogeneity of firm performance has been studied from the perspective of factors, including the firm effect, the industry effect, and the country effect. This study emphasizes the importance of country transient effects in light of the volatility present in Latin American countries. Variance decomposition was carried out for the economic and operational performance of five countries in the period from 1998 to 2007. The results show that country effects matter for Latin America, its transient effects increase in periods of higher turbulence, and have a greater effect on a firms' economic performance than on its operational performance. RESUMEN La heterogeneidad de desempeño en empresas ha sido estudiada a partir de factores teóricos tales como el efecto empresa, el efecto industria y el efecto del país. Este trabajo señala la importancia de los efectos transientes ante la volatilidad presente en los países de Latinoamérica. Se ha descompuesto la variancia para el desempeño económico y operacional de empresas en cinco países, en el período de 1998 a 2007. Los resultados demuestran que los efectos estables y transientes del país resultan en aumento en períodos de elevada turbulencia y son mayores en el desempeño económico que en el desempeño operacional de las empresas. RESUMO A heterogeneidade de desempenho das firmas tem sido estudada a partir de fatores como o efeito firma, o efeito indústria, e o efeito do país. Este trabalho enfatiza a importância dos efeitos transientes em face da volatilidade presente nos países da América Latina. Realizou-se a decomposição de variância para o desempenho econômico e operacional de firmas de cinco países, no período de 1998 a 2007. Os resultados mostram que os efeitos do país são importantes para a América Latina, seus efeitos transientes aumentam em períodos de elevada turbulência e são maiores sobre o desempenho econômico do que sobre o desempenho operacional das firmas. KEYWORDS: performance heterogeneitytransient country effectsvariance decomposition Notes OP/TA: operating profit over total assets; ROE-ke: net profit over net equity, minus opportunity cost; P_VPA: price to book value; RSV: return on sales; ROA: net profit over total assets. Source: Adapted from World Bank (2008). Sources: Argentina – Interest Rate BC, Argentine Republic – BCRA. Brazil – SELIC Rate 252 days. Source – Economática®. Chile – Interest Rate – TIP 365. Source – Economática®. Mexico – Interest Rate – CETES 360. Source – Economática®. Peru – Passive Interest Rate – TIPMN. Source – Economática®. Ten-year TBOND – US Treasury Bonds – 10 years – Source: FED (2008). Libor – Source BBA (2008). a Variance component equals zero when redundant. a The MINQUE method accepts negative values, while the RMLE method accepts the value of zero. Either can be an indication of redundancy or error.",brazil,7,openalex,True,context,,2026-04-10T17:32:21.127577+00:00
P0180,Inflation Targeting in Emerging Market Economies,Armínio Fraga; Ilan Goldfajn; André Minella,2003,National Bureau of Economic Research,10.3386/w10019,https://doi.org/10.3386/w10019,https://doi.org/10.3386/w10019,"FRAGA, Armínio et al.. Inflation Targeting in Emerging Market Economies. National Bureau of Economic Research, 2003.",Fraga2003,"@article{Fraga2003,   title = {{Inflation Targeting in Emerging Market Economies}},   author = {Armínio Fraga and Ilan Goldfajn and André Minella},   year = {2003},   journal = {National Bureau of Economic Research},   doi = {10.3386/w10019},   abstract = {This paper assesses inflation targeting in emerging market economies (EMEs), and develops applied prescriptions for the conduct of monetary policy and inflation-targeting design in EMEs. We verify that EMEs have faced more acute trade-offs -higher output and inflation volatility -and worse performance than developed economies. These results stem from more pronounced external shocks, lower credibil}, } ","This paper assesses inflation targeting in emerging market economies (EMEs), and develops applied prescriptions for the conduct of monetary policy and inflation-targeting design in EMEs. We verify that EMEs have faced more acute trade-offs -higher output and inflation volatility -and worse performance than developed economies. These results stem from more pronounced external shocks, lower credibility, and lower level of development of institutions in these countries. In order to improve their performance, we recommend high levels of transparency and communication with the public and the development of more stable institutions. At an operational level, we propose a procedure that a central bank under inflation targeting can apply and communicate when facing strong supply shocks, and suggest a monitoring structure for an inflation-targeting regime under an IMF program.",brazil,307,openalex,True,context,,2026-04-10T17:32:21.127577+00:00
P0181,"Inflation targeting, reserves accumulation, and exchange rate management in Latin America",Roberto Chang,2008,,10.32468/be.487,https://doi.org/10.32468/be.487,http://repositorio.banrep.gov.co/bitstream/20.500.12134/5504/1/be_487.pdf,"CHANG, Roberto. Inflation targeting, reserves accumulation, and exchange rate management in Latin America. s.l., 2008.",Chang2008,"@misc{Chang2008,   title = {{Inflation targeting, reserves accumulation, and exchange rate management in Latin America}},   author = {Roberto Chang},   year = {2008},   journal = {},   doi = {10.32468/be.487},   abstract = {This paper examines whether central banks in Latin America have implemented conventional inflation targeting (IT) prescriptions, with a focus on foreign exchange intervention and official reserves accumulation policies. To this end, the paper reviews the experiences of Brazil, Chile, Colombia, and Peru, and finds significant departures from the dominant theory of IT. Foreign exchange intervention }, } ","This paper examines whether central banks in Latin America have implemented conventional inflation targeting (IT) prescriptions, with a focus on foreign exchange intervention and official reserves accumulation policies. To this end, the paper reviews the experiences of Brazil, Chile, Colombia, and Peru, and finds significant departures from the dominant theory of IT. Foreign exchange intervention has often been used to prevent excessive financial volatility, bubbles, and panics. Ongoing patterns of reserves accumulation have been the outcome of an effort to build ""war chests"" against speculative attacks and, more recently, of a fight against real exchange appreciation. Possible justifications of the discrepancies between conventional IT theory and practice are discussed and generally found unsatisfactory.",brazil,82,openalex,True,context,,2026-04-10T17:32:21.127577+00:00
P0182,SAMBA: Stochastic Analytical Model with a Bayesian Approach,Marcos R. Castro; Solange Gouvea; André Minella; Rafael Chaves Santos; Nelson Souza-Sobrinho,2015,Brazilian Review of Econometrics,10.12660/bre.v35n22015.57573,https://doi.org/10.12660/bre.v35n22015.57573,http://bibliotecadigital.fgv.br/ojs/index.php/bre/article/download/57573/56084,"CASTRO, Marcos R. et al.. SAMBA: Stochastic Analytical Model with a Bayesian Approach. Brazilian Review of Econometrics, 2015.",Castro2015,"@article{Castro2015,   title = {{SAMBA: Stochastic Analytical Model with a Bayesian Approach}},   author = {Marcos R. Castro and Solange Gouvea and André Minella and Rafael Chaves Santos and Nelson Souza-Sobrinho},   year = {2015},   journal = {Brazilian Review of Econometrics},   doi = {10.12660/bre.v35n22015.57573},   abstract = {We develop and estimate a DSGE model for the Brazilian economy as part of the macroe-conomic modeling framework of the Central Bank of Brazil. The model combines the building blocks of standard DSGE models (e.g., price and wage rigidities and adjustment costs) with the following features that better describe the Brazilian economy: (i) a fiscal authority pursuing an explicit target for the primary }, } ","We develop and estimate a DSGE model for the Brazilian economy as part of the macroe-conomic modeling framework of the Central Bank of Brazil. The model combines the building blocks of standard DSGE models (e.g., price and wage rigidities and adjustment costs) with the following features that better describe the Brazilian economy: (i) a fiscal authority pursuing an explicit target for the primary surplus; (ii) administered or regulated prices as part of the consumer price index; (iii) external nance for imports,which amplies the eects of changes in external nancial conditions on the economy;and (iv) imported goods used in the production of intermediate goods. It also includes the presence of nancially constrained households. We estimate the model with Bayesian techniques, using data since 1999, when in ation targeting was implemented in Brazil.Evaluation based on impulse response functions, moment conditions, variance error decomposition, and initial forecasting exercises suggests that the model can be a useful toolfor policy analysis and forecasting.",brazil,91,openalex,True,context,,2026-04-10T17:32:21.127577+00:00
P0183,Why are Brazil's Interest Rates So High?,Carlo A. Favero; Francesco Giavazzi,2002,SSRN Electronic Journal,10.2139/ssrn.326781,https://doi.org/10.2139/ssrn.326781,https://papers.ssrn.com/sol3/Delivery.cfm?abstractid=326781,"FAVERO, Carlo A. et al.. Why are Brazil's Interest Rates So High?. SSRN Electronic Journal, 2002.",Favero2002,"@article{Favero2002,   title = {{Why are Brazil's Interest Rates So High?}},   author = {Carlo A. Favero and Francesco Giavazzi},   year = {2002},   journal = {SSRN Electronic Journal},   doi = {10.2139/ssrn.326781}, } ",,brazil,56,openalex,True,context,,2026-04-10T17:32:21.127577+00:00
P0184,Inflation Targeting in Brazil: Lessons and Challenges,André Minella; Paulo Springer de Freitas; Ilan Goldfajn; Marcelo Kfoury Muinhos,2003,SSRN Electronic Journal,10.2139/ssrn.353660,https://doi.org/10.2139/ssrn.353660,,"MINELLA, André et al.. Inflation Targeting in Brazil: Lessons and Challenges. SSRN Electronic Journal, 2003.",Minella2003,"@article{Minella2003,   title = {{Inflation Targeting in Brazil: Lessons and Challenges}},   author = {André Minella and Paulo Springer de Freitas and Ilan Goldfajn and Marcelo Kfoury Muinhos},   year = {2003},   journal = {SSRN Electronic Journal},   doi = {10.2139/ssrn.353660}, } ",,brazil,64,openalex,True,context,,2026-04-10T17:32:21.127577+00:00
P0185,Capital controls in Brazil – Stemming a tide with a signal?,Yothin Jinjarak; Ilan Noy; Huanhuan Zheng,2013,Journal of Banking & Finance,10.1016/j.jbankfin.2013.04.007,https://doi.org/10.1016/j.jbankfin.2013.04.007,https://linkinghub.elsevier.com/science/article/pii/S0378426613001908,"JINJARAK, Yothin et al.. Capital controls in Brazil – Stemming a tide with a signal?. Journal of Banking & Finance, 2013.",Jinjarak2013,"@article{Jinjarak2013,   title = {{Capital controls in Brazil – Stemming a tide with a signal?}},   author = {Yothin Jinjarak and Ilan Noy and Huanhuan Zheng},   year = {2013},   journal = {Journal of Banking & Finance},   doi = {10.1016/j.jbankfin.2013.04.007}, } ",,brazil,59,openalex,True,context,,2026-04-10T17:32:21.127577+00:00
